PatientID,PatientName,Age,Gender,Disease,DoctorName,AdmissionDate,DischargeDate,RoomNumber,BillAmount
1,Arun Joseph,36,Male,Migraine,Dr. Meera,3/13/2026,3/15/2026,447,56198.41
2,Deepak Babu,5,Male,Diabetes,Dr. Rajesh,4/22/2026,4/26/2026,359,46146.36
3,Sanjay Krishna,70,Male,Typhoid,Dr. Meera,8/18/2026,8/28/2026,243,61183.71
4,Vinod Das,55,Male,Hypertension,Dr. Joseph,3/21/2026,3/25/2026,491,26903.1
5,Suresh Nair,46,Male,Hypertension,Dr. Anitha,5/16/2026,5/17/2026,474,35808.3
6,Hari Babu,11,Male,Kidney Stone,Dr. Joseph,11/18/2026,11/28/2026,286,44358.03
7,Arun Krishna,30,Male,Heart Disease,Dr. Rajesh,4/30/2026,5/2/2026,295,22653.09
8,Asha Paul,46,Female,Migraine,Dr. Suresh,5/17/2026,5/19/2026,412,48535.93
9,Vijay Mathew,49,Male,Heart Disease,Dr. Suresh,12/19/2026,12/28/2026,213,52134.53
10,Kiran Kumar,41,Male,Typhoid,Dr. Joseph,2/3/2026,2/7/2026,391,66036.65
11,Riya Krishna,64,Female,Typhoid,Dr. Suresh,8/23/2026,8/26/2026,236,12623.2
12,Reshma Pillai,55,Female,Pneumonia,Dr. Thomas,7/5/2026,7/9/2026,171,39440.66
13,Vinod Kumar,15,Male,Asthma,Dr. Suresh,3/23/2026,3/30/2026,406,7105.76
14,Priya Mathew,68,Female,Heart Disease,Dr. Anitha,1/6/2026,1/8/2026,450,66647.16
15,Athira Krishna,44,Female,Fever,Dr. Joseph,8/11/2026,8/14/2026,333,2735.29
16,Anjali Das,65,Female,Fever,Dr. Suresh,6/2/2026,6/11/2026,412,16921.05
17,Athira Das,70,Female,Kidney Stone,Dr. Rajesh,11/3/2026,11/9/2026,351,3912.06
18,Devika Menon,31,Female,Diabetes,Dr. Meera,10/18/2026,10/20/2026,144,55563.3
19,Vinod George,17,Male,Asthma,Dr. Suresh,9/1/2026,9/10/2026,185,21716.61
20,Riya George,26,Female,Heart Disease,Dr. Thomas,12/10/2026,12/16/2026,325,67722.02
21,Sneha Roy,29,Female,Fever,Dr. Joseph,1/11/2026,1/21/2026,384,19183.32
22,Arun Nair,81,Male,Diabetes,Dr. Meera,2/4/2026,2/5/2026,270,7637.16
23,Nithin Krishna,63,Male,Migraine,Dr. Anitha,3/9/2026,3/19/2026,396,36768.65
24,Athira Babu,25,Female,Fever,Dr. Rajesh,12/4/2026,12/11/2026,282,33209.45
25,Nisha Joseph,7,Female,Fever,Dr. Rajesh,7/26/2026,8/1/2026,156,20527.58
26,Ramesh Mathew,18,Male,Typhoid,Dr. Meera,5/23/2026,5/31/2026,228,65900.23
27,Manoj George,13,Male,Diabetes,Dr. Suresh,10/4/2026,10/5/2026,148,69661.61
28,Vijay Babu,63,Male,Arthritis,Dr. Meera,7/25/2026,7/26/2026,185,29975.55
29,Diya Mathew,37,Female,Typhoid,Dr. Suresh,10/12/2026,10/20/2026,180,16267.6
30,Arun Pillai,70,Male,Diabetes,Dr. Suresh,6/10/2026,6/11/2026,126,44852.88
31,Arun George,11,Male,Asthma,Dr. Rajesh,11/1/2026,11/3/2026,446,64981.89
32,Sneha Pillai,32,Female,Pneumonia,Dr. Anitha,1/21/2026,1/31/2026,142,32893.81
33,Devika Menon,27,Female,Hypertension,Dr. Meera,5/16/2026,5/23/2026,168,51197.54
34,Neha Paul,10,Female,Diabetes,Dr. Thomas,11/15/2026,11/25/2026,152,7811.4
35,Ramesh Menon,17,Male,Hypertension,Dr. Rajesh,5/6/2026,5/12/2026,246,13936.65
36,Priya Krishna,68,Female,Diabetes,Dr. Suresh,10/11/2026,10/16/2026,440,10010.02
37,Nithin Nair,14,Male,Kidney Stone,Dr. Meera,5/20/2026,5/25/2026,410,17770.65
38,Riya Krishna,82,Female,Heart Disease,Dr. Anitha,9/8/2026,9/13/2026,127,9191.64
39,Nisha Menon,6,Female,Diabetes,Dr. Joseph,3/8/2026,3/13/2026,183,56239.24
40,Anjali Kumar,15,Female,Fever,Dr. Suresh,3/18/2026,3/27/2026,119,63008.14
41,Suresh Das,6,Male,Heart Disease,Dr. Joseph,1/21/2026,1/27/2026,208,51949.83
42,Arjun George,53,Male,Pneumonia,Dr. Suresh,3/21/2026,3/25/2026,184,73274.94
43,Hari Babu,4,Male,Asthma,Dr. Suresh,6/20/2026,6/27/2026,443,65144.64
44,Nithin Das,14,Male,Typhoid,Dr. Rajesh,8/29/2026,9/2/2026,203,61702.53
45,Meera Menon,30,Female,Migraine,Dr. Rajesh,12/4/2026,12/8/2026,305,26298.99
46,Vinod Menon,45,Male,Kidney Stone,Dr. Thomas,12/14/2026,12/23/2026,270,70594.69
47,Hari Menon,23,Male,Pneumonia,Dr. Joseph,1/20/2026,1/22/2026,406,34005.87
48,Lakshmi Pillai,66,Female,Fever,Dr. Thomas,10/23/2026,10/27/2026,231,5718.02
49,Anu George,69,Female,Migraine,Dr. Joseph,8/9/2026,8/11/2026,441,69255.89
50,Kavya Nair,39,Female,Kidney Stone,Dr. Joseph,12/8/2026,12/15/2026,268,31674.03
51,Anjali Das,25,Female,Typhoid,Dr. Suresh,7/14/2026,7/17/2026,416,43760.13
52,Anjali Kumar,39,Female,Heart Disease,Dr. Meera,8/9/2026,8/19/2026,411,49966.16
53,Neha Mathew,28,Female,Kidney Stone,Dr. Thomas,3/28/2026,3/30/2026,246,39870.27
54,Sneha Roy,40,Female,Migraine,Dr. Meera,3/17/2026,3/18/2026,124,20251.08
55,Priya Nair,59,Female,Typhoid,Dr. Suresh,10/22/2026,10/26/2026,468,52985.68
56,Lakshmi Roy,19,Female,Diabetes,Dr. Rajesh,8/6/2026,8/10/2026,191,60797.96
57,Anu George,32,Female,Fever,Dr. Thomas,3/10/2026,3/18/2026,442,41007.06
58,Athira Mathew,79,Female,Kidney Stone,Dr. Thomas,10/8/2026,10/16/2026,182,56415.02
59,Neha Menon,32,Female,Heart Disease,Dr. Anitha,9/6/2026,9/10/2026,241,34390.76
60,Riya Menon,43,Female,Hypertension,Dr. Anitha,2/11/2026,2/14/2026,178,19266.46
61,Sanjay Roy,9,Male,Typhoid,Dr. Thomas,6/19/2026,6/28/2026,339,32643.63
62,Prakash Babu,50,Male,Pneumonia,Dr. Suresh,1/11/2026,1/21/2026,295,37081.03
63,Diya Babu,54,Female,Kidney Stone,Dr. Suresh,10/7/2026,10/17/2026,213,37896.64
64,Lakshmi Mathew,4,Female,Typhoid,Dr. Joseph,12/9/2026,12/16/2026,471,14465.74
65,Devika Das,80,Female,Kidney Stone,Dr. Rajesh,7/21/2026,7/31/2026,389,50567.48
66,Akhil Babu,18,Male,Arthritis,Dr. Meera,1/26/2026,1/31/2026,295,26233.07
67,Meera Paul,49,Female,Heart Disease,Dr. Thomas,5/10/2026,5/12/2026,341,3905.29
68,Arjun Roy,84,Male,Fever,Dr. Suresh,1/21/2026,1/22/2026,227,16953.65
69,Deepak Das,31,Male,Asthma,Dr. Thomas,12/9/2026,12/11/2026,389,71212.38
70,Reshma Menon,48,Female,Asthma,Dr. Anitha,11/7/2026,11/9/2026,499,61899.34
71,Sneha Pillai,4,Female,Heart Disease,Dr. Anitha,12/13/2026,12/20/2026,304,70756.62
72,Rahul Pillai,81,Male,Migraine,Dr. Rajesh,12/23/2026,12/28/2026,451,46029.84
73,Vinod Pillai,6,Male,Hypertension,Dr. Anitha,8/8/2026,8/14/2026,136,39182.16
74,Anu Babu,63,Female,Fever,Dr. Thomas,7/5/2026,7/13/2026,463,13591.86
75,Sanjay George,84,Male,Heart Disease,Dr. Anitha,10/3/2026,10/11/2026,339,34079.15
76,Meera Roy,12,Female,Heart Disease,Dr. Thomas,5/5/2026,5/13/2026,392,46749.05
77,Meera Kumar,64,Female,Hypertension,Dr. Meera,9/7/2026,9/11/2026,282,60342.85
78,Diya Pillai,36,Female,Kidney Stone,Dr. Rajesh,9/22/2026,9/26/2026,144,19998.31
79,Neha George,31,Female,Arthritis,Dr. Suresh,12/31/2026,1/8/2027,330,59987.63
80,Nithin Roy,52,Male,Migraine,Dr. Joseph,12/6/2026,12/16/2026,289,36811.39
81,Lakshmi Joseph,71,Female,Hypertension,Dr. Joseph,12/26/2026,1/3/2027,239,24730.17
82,Rahul Joseph,25,Male,Hypertension,Dr. Rajesh,10/2/2026,10/5/2026,199,18187.89
83,Diya Joseph,76,Female,Kidney Stone,Dr. Anitha,5/25/2026,5/27/2026,200,23977.87
84,Asha Menon,2,Female,Kidney Stone,Dr. Meera,5/21/2026,5/22/2026,128,42618.53
85,Akhil Mathew,14,Male,Diabetes,Dr. Anitha,5/26/2026,6/3/2026,346,34433.99
86,Arun Menon,62,Male,Fever,Dr. Rajesh,7/25/2026,8/2/2026,138,44334.03
87,Vijay Das,73,Male,Heart Disease,Dr. Rajesh,5/8/2026,5/10/2026,386,57922.15
88,Vinod George,49,Male,Arthritis,Dr. Thomas,6/2/2026,6/12/2026,320,24640.07
89,Deepak Joseph,13,Male,Migraine,Dr. Suresh,4/19/2026,4/24/2026,439,8386.09
90,Vijay George,10,Male,Asthma,Dr. Rajesh,7/29/2026,8/6/2026,453,45551.31
91,Anu Roy,37,Female,Heart Disease,Dr. Suresh,8/21/2026,8/23/2026,452,19423.23
92,Athira Krishna,76,Female,Migraine,Dr. Thomas,2/28/2026,3/9/2026,216,49453.52
93,Nisha Das,10,Female,Diabetes,Dr. Meera,6/7/2026,6/17/2026,484,62257.42
94,Neha Nair,60,Female,Heart Disease,Dr. Suresh,7/26/2026,7/31/2026,357,41648.66
95,Sneha Pillai,6,Female,Typhoid,Dr. Suresh,6/15/2026,6/25/2026,229,4375.2
96,Akhil Pillai,76,Male,Diabetes,Dr. Suresh,5/18/2026,5/28/2026,121,57825.4
97,Manoj George,84,Male,Arthritis,Dr. Joseph,4/3/2026,4/13/2026,324,48521.89
98,Sneha Mathew,45,Female,Typhoid,Dr. Joseph,6/14/2026,6/16/2026,183,26410.77
99,Diya Krishna,52,Female,Kidney Stone,Dr. Rajesh,8/21/2026,8/23/2026,262,20798.92
100,Vinod Babu,66,Male,Diabetes,Dr. Suresh,10/5/2026,10/13/2026,312,6429.8
101,Priya Mathew,81,Female,Arthritis,Dr. Rajesh,4/15/2026,4/20/2026,382,11998.46
102,Neha Joseph,63,Female,Fever,Dr. Rajesh,11/19/2026,11/29/2026,223,53959.25
103,Anjali Kumar,71,Female,Typhoid,Dr. Rajesh,4/26/2026,4/28/2026,337,71161.9
104,Manoj Joseph,38,Male,Kidney Stone,Dr. Suresh,5/20/2026,5/27/2026,348,73567.74
105,Manoj George,19,Male,Typhoid,Dr. Meera,11/3/2026,11/12/2026,483,66251.15
106,Nithin Babu,44,Male,Kidney Stone,Dr. Joseph,1/2/2026,1/7/2026,472,24145.3
107,Nisha Das,58,Female,Kidney Stone,Dr. Thomas,6/26/2026,7/2/2026,383,57808.27
108,Neha Paul,25,Female,Migraine,Dr. Anitha,7/16/2026,7/20/2026,498,32281.19
109,Reshma Mathew,49,Female,Typhoid,Dr. Suresh,11/30/2026,12/3/2026,354,72449.77
110,Ramesh Pillai,43,Male,Fever,Dr. Thomas,2/21/2026,3/2/2026,334,3612.7
111,Suresh Krishna,20,Male,Fever,Dr. Thomas,5/16/2026,5/22/2026,420,52721.08
112,Prakash Paul,69,Male,Typhoid,Dr. Joseph,11/17/2026,11/25/2026,378,5102.68
113,Kiran Krishna,37,Male,Migraine,Dr. Suresh,2/16/2026,2/23/2026,151,57626.8
114,Manoj Das,39,Male,Diabetes,Dr. Rajesh,6/16/2026,6/17/2026,251,28488.59
115,Asha Roy,68,Female,Typhoid,Dr. Anitha,12/16/2026,12/19/2026,188,15192.53
116,Priya Krishna,31,Female,Arthritis,Dr. Anitha,3/15/2026,3/19/2026,337,48748.09
117,Diya Krishna,2,Female,Arthritis,Dr. Joseph,12/13/2026,12/22/2026,181,7854.99
118,Priya Menon,82,Female,Typhoid,Dr. Suresh,5/9/2026,5/17/2026,255,16943.23
119,Nisha Mathew,14,Female,Migraine,Dr. Thomas,10/20/2026,10/26/2026,395,23950.75
120,Anu Krishna,51,Female,Heart Disease,Dr. Rajesh,10/17/2026,10/18/2026,411,56524.98
121,Athira Roy,78,Female,Hypertension,Dr. Meera,11/22/2026,11/26/2026,418,20670.44
122,Akhil Nair,81,Male,Diabetes,Dr. Joseph,8/14/2026,8/15/2026,397,28952.44
123,Rahul Menon,42,Male,Typhoid,Dr. Meera,4/13/2026,4/16/2026,377,66043.39
124,Anjali George,35,Female,Asthma,Dr. Joseph,9/4/2026,9/9/2026,483,65603.78
125,Manoj Nair,19,Male,Migraine,Dr. Suresh,12/12/2026,12/19/2026,386,29018.69
126,Anu Menon,69,Female,Fever,Dr. Thomas,7/8/2026,7/13/2026,400,30124.35
127,Sneha Krishna,30,Female,Arthritis,Dr. Rajesh,11/14/2026,11/23/2026,268,68856.05
128,Akhil Nair,82,Male,Arthritis,Dr. Suresh,6/4/2026,6/11/2026,160,12633.83
129,Nithin Mathew,15,Male,Fever,Dr. Meera,10/3/2026,10/6/2026,299,35389.17
130,Priya Joseph,20,Female,Typhoid,Dr. Suresh,2/20/2026,2/28/2026,416,32088.4
131,Anu Joseph,48,Female,Migraine,Dr. Thomas,8/16/2026,8/20/2026,286,9703.21
132,Anjali Krishna,46,Female,Diabetes,Dr. Thomas,5/22/2026,5/26/2026,163,71303.28
133,Sneha Krishna,28,Female,Pneumonia,Dr. Rajesh,1/26/2026,2/1/2026,225,74189.52
134,Rahul George,27,Male,Pneumonia,Dr. Meera,4/30/2026,5/6/2026,497,13197.68
135,Nithin Das,17,Male,Kidney Stone,Dr. Joseph,3/31/2026,4/2/2026,439,65317.47
136,Arun Paul,31,Male,Pneumonia,Dr. Joseph,1/9/2026,1/12/2026,236,6298.93
137,Anjali Nair,9,Female,Arthritis,Dr. Thomas,7/5/2026,7/14/2026,404,10406.42
138,Deepak Kumar,85,Male,Kidney Stone,Dr. Joseph,8/23/2026,8/24/2026,132,74897.54
139,Lakshmi Krishna,14,Female,Arthritis,Dr. Suresh,8/16/2026,8/18/2026,142,25853.11
140,Rahul Das,36,Male,Pneumonia,Dr. Suresh,10/27/2026,11/5/2026,465,26075.94
141,Neha George,78,Female,Typhoid,Dr. Rajesh,12/26/2026,12/28/2026,436,49691.46
142,Suresh Mathew,30,Male,Typhoid,Dr. Joseph,8/21/2026,8/28/2026,313,55396.91
143,Lakshmi Paul,33,Female,Hypertension,Dr. Meera,12/18/2026,12/26/2026,135,9113.8
144,Rahul Babu,13,Male,Hypertension,Dr. Meera,10/12/2026,10/13/2026,401,71855.29
145,Kavya Nair,53,Female,Hypertension,Dr. Suresh,8/5/2026,8/6/2026,248,46029.73
146,Sneha Pillai,65,Female,Migraine,Dr. Meera,12/3/2026,12/11/2026,215,63927.43
147,Nisha George,48,Female,Fever,Dr. Joseph,10/21/2026,10/25/2026,320,63773.75
148,Deepak Krishna,35,Male,Diabetes,Dr. Meera,5/20/2026,5/25/2026,274,27949.2
149,Prakash Das,73,Male,Typhoid,Dr. Rajesh,3/14/2026,3/15/2026,147,56593.1
150,Suresh Babu,59,Male,Hypertension,Dr. Meera,7/9/2026,7/14/2026,470,26017.76
151,Hari Kumar,20,Male,Asthma,Dr. Anitha,1/26/2026,1/28/2026,240,34625.69
152,Neha Pillai,57,Female,Typhoid,Dr. Joseph,4/21/2026,4/30/2026,159,27525.03
153,Nithin Krishna,76,Male,Arthritis,Dr. Anitha,12/8/2026,12/13/2026,124,18487.59
154,Arun Roy,39,Male,Migraine,Dr. Meera,5/11/2026,5/16/2026,268,11198.86
155,Reshma Babu,23,Female,Asthma,Dr. Thomas,9/30/2026,10/4/2026,357,43007.46
156,Sneha Babu,6,Female,Typhoid,Dr. Rajesh,8/24/2026,8/26/2026,261,44242.54
157,Reshma Krishna,54,Female,Heart Disease,Dr. Rajesh,7/27/2026,7/28/2026,267,14960.81
158,Nisha Joseph,47,Female,Fever,Dr. Thomas,2/24/2026,2/28/2026,324,45193.17
159,Suresh Menon,44,Male,Migraine,Dr. Joseph,3/28/2026,3/30/2026,362,48408.79
160,Hari Paul,45,Male,Asthma,Dr. Meera,2/22/2026,2/25/2026,232,16802.21
161,Vinod Krishna,10,Male,Asthma,Dr. Suresh,9/10/2026,9/18/2026,487,43370.82
162,Kavya Pillai,83,Female,Pneumonia,Dr. Joseph,11/18/2026,11/24/2026,178,34382.8
163,Neha Krishna,39,Female,Heart Disease,Dr. Anitha,1/29/2026,2/4/2026,360,7878.82
164,Neha Kumar,8,Female,Hypertension,Dr. Joseph,2/9/2026,2/11/2026,415,45570.79
165,Neha Pillai,71,Female,Diabetes,Dr. Thomas,10/20/2026,10/24/2026,265,46362.92
166,Arun Mathew,14,Male,Hypertension,Dr. Suresh,2/13/2026,2/22/2026,431,15010.52
167,Sanjay Mathew,57,Male,Kidney Stone,Dr. Anitha,11/9/2026,11/12/2026,287,29531.77
168,Lakshmi Babu,44,Female,Pneumonia,Dr. Rajesh,11/20/2026,11/26/2026,134,26402.58
169,Diya Menon,85,Female,Pneumonia,Dr. Meera,6/20/2026,6/22/2026,399,50611.88
170,Diya Krishna,85,Female,Typhoid,Dr. Meera,11/1/2026,11/3/2026,259,43021.85
171,Nisha Das,68,Female,Fever,Dr. Suresh,12/10/2026,12/17/2026,361,28732.54
172,Diya Das,28,Female,Hypertension,Dr. Thomas,4/9/2026,4/13/2026,171,13733.53
173,Nisha Nair,65,Female,Kidney Stone,Dr. Suresh,9/27/2026,9/28/2026,439,26915.42
174,Deepak Babu,20,Male,Asthma,Dr. Meera,12/21/2026,12/31/2026,185,54785.77
175,Suresh Paul,31,Male,Arthritis,Dr. Anitha,5/26/2026,6/3/2026,220,41215.81
176,Athira Mathew,25,Female,Hypertension,Dr. Suresh,10/20/2026,10/28/2026,337,58284.3
177,Anjali George,54,Female,Asthma,Dr. Meera,11/6/2026,11/9/2026,229,6283.04
178,Nisha Paul,71,Female,Fever,Dr. Suresh,9/22/2026,9/24/2026,246,8580.95
179,Nithin Mathew,66,Male,Asthma,Dr. Thomas,2/16/2026,2/20/2026,331,66635.66
180,Suresh Kumar,51,Male,Kidney Stone,Dr. Joseph,5/1/2026,5/8/2026,142,29681.17
181,Arjun Nair,84,Male,Hypertension,Dr. Meera,3/12/2026,3/13/2026,247,69011.22
182,Reshma Das,61,Female,Arthritis,Dr. Anitha,1/3/2026,1/5/2026,110,21054.48
183,Ramesh Joseph,78,Male,Kidney Stone,Dr. Thomas,2/26/2026,3/3/2026,222,24333.46
184,Kiran Babu,82,Male,Pneumonia,Dr. Thomas,2/2/2026,2/4/2026,356,45763.58
185,Akhil George,74,Male,Migraine,Dr. Suresh,3/15/2026,3/20/2026,320,2613.41
186,Riya Pillai,54,Female,Asthma,Dr. Suresh,12/9/2026,12/11/2026,369,73162.45
187,Ramesh George,65,Male,Kidney Stone,Dr. Anitha,1/11/2026,1/18/2026,341,5656.25
188,Meera Menon,3,Female,Hypertension,Dr. Rajesh,6/26/2026,6/30/2026,476,50140.07
189,Vinod Pillai,43,Male,Asthma,Dr. Rajesh,6/30/2026,7/9/2026,274,61479.39
190,Prakash Krishna,60,Male,Arthritis,Dr. Suresh,4/4/2026,4/7/2026,133,54413.27
191,Anu Menon,26,Female,Diabetes,Dr. Meera,1/22/2026,1/28/2026,259,39865.31
192,Diya Kumar,83,Female,Migraine,Dr. Joseph,7/2/2026,7/3/2026,436,26564.54
193,Vinod Paul,56,Male,Typhoid,Dr. Suresh,8/14/2026,8/21/2026,274,73094.96
194,Reshma Mathew,48,Female,Kidney Stone,Dr. Joseph,2/12/2026,2/19/2026,141,33719.02
195,Ramesh Menon,42,Male,Fever,Dr. Rajesh,6/17/2026,6/22/2026,257,34828.89
196,Asha Joseph,57,Female,Hypertension,Dr. Thomas,1/22/2026,1/28/2026,415,74865.92
197,Kavya Kumar,10,Female,Typhoid,Dr. Joseph,9/20/2026,9/23/2026,116,12851.51
198,Anu Das,9,Female,Migraine,Dr. Suresh,7/7/2026,7/13/2026,297,71336.37
199,Deepak Das,58,Male,Hypertension,Dr. Joseph,8/16/2026,8/18/2026,394,12482.9
200,Lakshmi Paul,84,Female,Heart Disease,Dr. Meera,2/28/2026,3/1/2026,477,15988.48
201,Devika George,16,Female,Heart Disease,Dr. Joseph,12/27/2026,1/4/2027,210,74736.47
202,Reshma Mathew,26,Female,Fever,Dr. Meera,2/7/2026,2/15/2026,189,67654.23
203,Sneha Krishna,41,Female,Hypertension,Dr. Suresh,2/3/2026,2/12/2026,378,23551.27
204,Nisha Das,82,Female,Asthma,Dr. Joseph,9/18/2026,9/22/2026,163,73922.11
205,Kiran Mathew,4,Male,Hypertension,Dr. Anitha,10/21/2026,10/27/2026,340,60765.48
206,Deepak Nair,9,Male,Heart Disease,Dr. Thomas,9/3/2026,9/12/2026,311,58264.43
207,Vijay Paul,83,Male,Fever,Dr. Thomas,8/27/2026,9/5/2026,277,11804.26
208,Vinod Das,56,Male,Kidney Stone,Dr. Rajesh,3/5/2026,3/14/2026,179,24549.03
209,Arjun Joseph,29,Male,Hypertension,Dr. Anitha,5/26/2026,5/28/2026,229,16731.89
210,Asha Krishna,39,Female,Pneumonia,Dr. Anitha,2/17/2026,2/26/2026,429,14726.1
211,Vijay Krishna,80,Male,Pneumonia,Dr. Joseph,10/16/2026,10/17/2026,115,8388.66
212,Kavya Roy,74,Female,Typhoid,Dr. Anitha,11/24/2026,11/25/2026,355,66952.27
213,Kavya Menon,62,Female,Migraine,Dr. Suresh,7/27/2026,8/1/2026,333,7790.54
214,Vijay Mathew,54,Male,Arthritis,Dr. Thomas,4/15/2026,4/21/2026,411,12915.98
215,Reshma Paul,52,Female,Asthma,Dr. Joseph,9/21/2026,9/30/2026,155,25635.9
216,Sneha Menon,58,Female,Migraine,Dr. Meera,2/19/2026,2/20/2026,249,71040.4
217,Riya Das,42,Female,Pneumonia,Dr. Suresh,6/10/2026,6/14/2026,491,14052.32
218,Neha Menon,64,Female,Diabetes,Dr. Rajesh,7/21/2026,7/30/2026,335,72584.78
219,Deepak Paul,7,Male,Diabetes,Dr. Joseph,9/11/2026,9/21/2026,435,51257.74
220,Anjali Kumar,14,Female,Typhoid,Dr. Meera,5/16/2026,5/22/2026,492,31735.92
221,Suresh Kumar,73,Male,Kidney Stone,Dr. Meera,7/5/2026,7/14/2026,248,7831.05
222,Athira George,36,Female,Pneumonia,Dr. Suresh,11/9/2026,11/11/2026,166,73193.5
223,Meera Paul,72,Female,Hypertension,Dr. Meera,4/12/2026,4/22/2026,361,31600.56
224,Arun Kumar,18,Male,Hypertension,Dr. Thomas,9/23/2026,10/1/2026,177,46453.89
225,Arjun Pillai,41,Male,Asthma,Dr. Thomas,11/12/2026,11/17/2026,404,26887.08
226,Reshma Pillai,39,Female,Arthritis,Dr. Rajesh,7/8/2026,7/14/2026,445,10446.33
227,Priya Menon,81,Female,Diabetes,Dr. Anitha,8/31/2026,9/5/2026,436,59260.54
228,Sanjay Kumar,75,Male,Arthritis,Dr. Meera,9/26/2026,10/6/2026,497,63484.62
229,Prakash Krishna,32,Male,Diabetes,Dr. Anitha,12/25/2026,12/27/2026,198,3872.96
230,Lakshmi Das,53,Female,Migraine,Dr. Thomas,9/14/2026,9/24/2026,342,65779.28
231,Sanjay Das,67,Male,Migraine,Dr. Anitha,6/16/2026,6/24/2026,370,29819.8
232,Manoj George,44,Male,Kidney Stone,Dr. Joseph,12/13/2026,12/18/2026,413,37603.06
233,Nithin George,39,Male,Migraine,Dr. Joseph,5/28/2026,6/1/2026,454,53611.65
234,Neha Paul,72,Female,Heart Disease,Dr. Joseph,3/4/2026,3/14/2026,447,41881.34
235,Nisha Paul,19,Female,Heart Disease,Dr. Rajesh,5/28/2026,5/30/2026,278,69490.7
236,Reshma Mathew,28,Female,Migraine,Dr. Anitha,5/19/2026,5/28/2026,457,22192.56
237,Deepak Joseph,76,Male,Migraine,Dr. Meera,1/26/2026,2/4/2026,216,48750.98
238,Rahul Babu,43,Male,Arthritis,Dr. Rajesh,12/15/2026,12/18/2026,103,72427.61
239,Suresh Krishna,61,Male,Arthritis,Dr. Suresh,4/13/2026,4/18/2026,265,23192.61
240,Hari Nair,84,Male,Pneumonia,Dr. Meera,10/1/2026,10/2/2026,190,32796.66
241,Hari Kumar,51,Male,Arthritis,Dr. Meera,5/29/2026,5/30/2026,105,24133.44
242,Hari Paul,37,Male,Arthritis,Dr. Suresh,10/6/2026,10/15/2026,353,66971.35
243,Prakash George,60,Male,Heart Disease,Dr. Meera,2/27/2026,3/5/2026,184,55506.14
244,Reshma Das,2,Female,Hypertension,Dr. Joseph,10/18/2026,10/22/2026,190,46794.2
245,Nisha Babu,66,Female,Hypertension,Dr. Rajesh,7/25/2026,7/27/2026,195,73672.18
246,Meera Roy,1,Female,Heart Disease,Dr. Thomas,5/1/2026,5/9/2026,486,21857.09
247,Diya Pillai,74,Female,Diabetes,Dr. Joseph,12/1/2026,12/7/2026,455,19631.94
248,Manoj Menon,21,Male,Typhoid,Dr. Suresh,9/15/2026,9/20/2026,454,11012.64
249,Meera Pillai,29,Female,Migraine,Dr. Meera,9/2/2026,9/5/2026,333,56710.78
250,Lakshmi Joseph,71,Female,Arthritis,Dr. Anitha,12/7/2026,12/11/2026,491,20441.24
251,Ramesh Mathew,68,Male,Hypertension,Dr. Rajesh,10/16/2026,10/18/2026,132,62586.12
252,Deepak George,20,Male,Asthma,Dr. Joseph,9/24/2026,10/2/2026,160,51821.4
253,Sneha George,58,Female,Diabetes,Dr. Thomas,3/9/2026,3/18/2026,313,35617.89
254,Ramesh Mathew,40,Male,Diabetes,Dr. Thomas,5/11/2026,5/12/2026,482,18297.84
255,Arun Babu,45,Male,Fever,Dr. Anitha,1/31/2026,2/2/2026,342,4800.78
256,Asha Das,83,Female,Typhoid,Dr. Joseph,7/15/2026,7/23/2026,294,29734.3
257,Akhil Paul,16,Male,Asthma,Dr. Anitha,7/21/2026,7/30/2026,166,55269.72
258,Prakash Kumar,3,Male,Heart Disease,Dr. Thomas,12/11/2026,12/20/2026,318,41065.19
259,Kiran Mathew,45,Male,Asthma,Dr. Joseph,4/7/2026,4/9/2026,117,61187.17
260,Priya Kumar,31,Female,Migraine,Dr. Rajesh,2/21/2026,3/3/2026,118,34866.98
261,Kiran Joseph,6,Male,Typhoid,Dr. Thomas,4/30/2026,5/9/2026,212,57192.96
262,Vijay George,38,Male,Migraine,Dr. Suresh,10/22/2026,10/28/2026,396,45849.03
263,Riya Menon,19,Female,Kidney Stone,Dr. Meera,7/31/2026,8/5/2026,241,6919.43
264,Akhil Krishna,55,Male,Kidney Stone,Dr. Thomas,1/25/2026,1/31/2026,430,51172.33
265,Reshma Babu,53,Female,Asthma,Dr. Joseph,7/12/2026,7/15/2026,487,41499.8
266,Prakash Roy,39,Male,Asthma,Dr. Thomas,1/30/2026,2/8/2026,312,72664.5
267,Suresh Roy,33,Male,Migraine,Dr. Joseph,11/28/2026,11/30/2026,331,63917.17
268,Ramesh Joseph,25,Male,Diabetes,Dr. Joseph,7/13/2026,7/23/2026,409,5367.2
269,Kiran Pillai,72,Male,Migraine,Dr. Thomas,4/17/2026,4/23/2026,256,71883.93
270,Kiran Roy,16,Male,Arthritis,Dr. Meera,12/23/2026,1/2/2027,461,17327.2
271,Ramesh Paul,37,Male,Typhoid,Dr. Thomas,10/1/2026,10/7/2026,258,21463.22
272,Neha Nair,61,Female,Hypertension,Dr. Meera,7/9/2026,7/15/2026,312,5814.37
273,Sanjay Das,3,Male,Heart Disease,Dr. Anitha,10/27/2026,11/6/2026,469,32774.41
274,Kiran Paul,30,Male,Typhoid,Dr. Anitha,5/6/2026,5/14/2026,382,49959.08
275,Diya Mathew,83,Female,Arthritis,Dr. Thomas,3/28/2026,4/3/2026,187,12646.99
276,Asha George,83,Female,Diabetes,Dr. Anitha,1/18/2026,1/20/2026,443,6017.29
277,Suresh Das,81,Male,Migraine,Dr. Rajesh,12/29/2026,1/1/2027,105,18357.18
278,Meera Kumar,80,Female,Pneumonia,Dr. Thomas,12/4/2026,12/12/2026,109,2979.4
279,Anu Kumar,68,Female,Heart Disease,Dr. Anitha,5/27/2026,5/28/2026,358,61453.9
280,Athira Das,14,Female,Fever,Dr. Anitha,3/18/2026,3/22/2026,199,47434.11
281,Nisha Paul,35,Female,Typhoid,Dr. Rajesh,7/11/2026,7/18/2026,336,43462.66
282,Nithin Krishna,11,Male,Diabetes,Dr. Rajesh,7/27/2026,8/3/2026,294,42570.85
283,Akhil Kumar,22,Male,Fever,Dr. Thomas,8/11/2026,8/17/2026,390,73356.37
284,Hari George,6,Male,Migraine,Dr. Meera,12/21/2026,12/31/2026,344,22154.39
285,Akhil Menon,70,Male,Pneumonia,Dr. Suresh,1/17/2026,1/20/2026,262,3635.21
286,Deepak Das,51,Male,Fever,Dr. Joseph,3/25/2026,4/4/2026,224,43585.45
287,Kavya George,43,Female,Typhoid,Dr. Suresh,3/13/2026,3/15/2026,357,56545.6
288,Anu Nair,56,Female,Migraine,Dr. Rajesh,6/24/2026,7/4/2026,494,47005.23
289,Athira Paul,4,Female,Heart Disease,Dr. Thomas,9/9/2026,9/13/2026,283,42595.24
290,Lakshmi Das,75,Female,Typhoid,Dr. Rajesh,11/13/2026,11/18/2026,227,54200.37
291,Nithin Das,49,Male,Asthma,Dr. Suresh,7/19/2026,7/25/2026,285,10224.94
292,Nithin Mathew,47,Male,Heart Disease,Dr. Rajesh,3/9/2026,3/11/2026,196,33746.01
293,Sneha Kumar,12,Female,Hypertension,Dr. Anitha,2/17/2026,2/27/2026,407,59371.81
294,Anu Menon,53,Female,Typhoid,Dr. Rajesh,10/14/2026,10/18/2026,393,40280.08
295,Asha Das,35,Female,Heart Disease,Dr. Joseph,9/10/2026,9/13/2026,133,14622.54
296,Lakshmi Menon,62,Female,Fever,Dr. Joseph,5/9/2026,5/13/2026,470,47814.94
297,Manoj Nair,18,Male,Heart Disease,Dr. Rajesh,7/22/2026,7/28/2026,418,30042.02
298,Neha Paul,56,Female,Pneumonia,Dr. Meera,6/3/2026,6/9/2026,409,71177.72
299,Manoj Paul,23,Male,Typhoid,Dr. Joseph,5/30/2026,6/7/2026,395,59193.14
300,Lakshmi Menon,51,Female,Hypertension,Dr. Rajesh,10/16/2026,10/20/2026,404,74801.71
301,Akhil George,4,Male,Arthritis,Dr. Suresh,4/18/2026,4/26/2026,250,62767.93
302,Prakash Babu,64,Male,Asthma,Dr. Suresh,6/5/2026,6/9/2026,230,50253.07
303,Athira Babu,10,Female,Arthritis,Dr. Anitha,9/3/2026,9/13/2026,306,41241.64
304,Anjali Kumar,47,Female,Kidney Stone,Dr. Anitha,11/23/2026,11/25/2026,156,58249.17
305,Asha Krishna,79,Female,Diabetes,Dr. Anitha,11/27/2026,12/4/2026,486,26540.76
306,Sneha Kumar,13,Female,Heart Disease,Dr. Meera,9/19/2026,9/28/2026,386,44587.58
307,Manoj Paul,51,Male,Arthritis,Dr. Suresh,10/29/2026,11/7/2026,178,27510.14
308,Manoj Nair,38,Male,Typhoid,Dr. Rajesh,3/1/2026,3/4/2026,279,25112.05
309,Athira Roy,67,Female,Arthritis,Dr. Joseph,9/1/2026,9/3/2026,325,54844.56
310,Meera Nair,39,Female,Diabetes,Dr. Suresh,2/28/2026,3/1/2026,276,49477.82
311,Hari Joseph,32,Male,Kidney Stone,Dr. Meera,10/10/2026,10/13/2026,270,43089.05
312,Riya Babu,81,Female,Asthma,Dr. Meera,11/24/2026,12/1/2026,303,4616.44
313,Manoj Pillai,55,Male,Typhoid,Dr. Rajesh,12/27/2026,12/31/2026,206,22680
314,Deepak Nair,69,Male,Asthma,Dr. Joseph,6/16/2026,6/20/2026,335,10761.74
315,Anjali Krishna,41,Female,Pneumonia,Dr. Thomas,11/9/2026,11/16/2026,401,10781.83
316,Nisha Mathew,80,Female,Asthma,Dr. Suresh,12/28/2026,1/2/2027,415,45287.21
317,Arjun Nair,31,Male,Heart Disease,Dr. Rajesh,4/4/2026,4/10/2026,456,12748.49
318,Lakshmi Pillai,18,Female,Pneumonia,Dr. Thomas,8/5/2026,8/8/2026,350,48573.87
319,Ramesh Das,63,Male,Heart Disease,Dr. Meera,4/6/2026,4/12/2026,331,47407.22
320,Anu Mathew,18,Female,Migraine,Dr. Thomas,10/15/2026,10/24/2026,435,38385.31
321,Lakshmi Joseph,57,Female,Arthritis,Dr. Meera,2/12/2026,2/22/2026,116,60201.36
322,Nithin Kumar,36,Male,Migraine,Dr. Anitha,5/28/2026,5/31/2026,500,35655.8
323,Anjali George,15,Female,Pneumonia,Dr. Rajesh,5/18/2026,5/27/2026,288,41798.14
324,Vinod Joseph,57,Male,Kidney Stone,Dr. Meera,8/6/2026,8/8/2026,477,62680.13
325,Nithin Kumar,58,Male,Heart Disease,Dr. Joseph,2/14/2026,2/22/2026,161,58733.29
326,Kiran Joseph,76,Male,Hypertension,Dr. Suresh,11/9/2026,11/16/2026,185,47170.96
327,Prakash Roy,8,Male,Pneumonia,Dr. Joseph,9/30/2026,10/5/2026,406,41560.72
328,Reshma Menon,38,Female,Pneumonia,Dr. Joseph,9/21/2026,9/23/2026,170,72300.97
329,Devika Kumar,36,Female,Asthma,Dr. Suresh,3/9/2026,3/13/2026,175,54076.13
330,Vinod Krishna,51,Male,Arthritis,Dr. Meera,10/23/2026,10/28/2026,422,32531.32
331,Sneha Krishna,12,Female,Typhoid,Dr. Anitha,5/23/2026,5/29/2026,333,71393.42
332,Priya Kumar,12,Female,Arthritis,Dr. Suresh,12/7/2026,12/13/2026,133,60186.65
333,Riya Babu,28,Female,Arthritis,Dr. Joseph,6/15/2026,6/20/2026,273,42180.01
334,Deepak Mathew,44,Male,Diabetes,Dr. Rajesh,2/20/2026,2/28/2026,109,11507.2
335,Manoj Mathew,1,Male,Typhoid,Dr. Meera,12/19/2026,12/22/2026,433,24385.25
336,Sneha Krishna,47,Female,Heart Disease,Dr. Rajesh,7/10/2026,7/13/2026,127,31234.76
337,Reshma Joseph,30,Female,Typhoid,Dr. Suresh,2/16/2026,2/18/2026,101,17973.04
338,Vijay Pillai,29,Male,Kidney Stone,Dr. Suresh,8/16/2026,8/17/2026,105,52930.79
339,Prakash Babu,17,Male,Arthritis,Dr. Rajesh,4/28/2026,5/5/2026,146,55480.35
340,Rahul Paul,48,Male,Heart Disease,Dr. Meera,7/15/2026,7/18/2026,429,74488.16
341,Rahul George,73,Male,Diabetes,Dr. Anitha,11/29/2026,12/2/2026,326,27961.11
342,Akhil Joseph,20,Male,Typhoid,Dr. Anitha,12/18/2026,12/26/2026,212,8784.88
343,Vijay Nair,76,Male,Typhoid,Dr. Joseph,8/8/2026,8/14/2026,172,20464.51
344,Kiran George,77,Male,Pneumonia,Dr. Suresh,11/8/2026,11/13/2026,499,70742.75
345,Prakash Krishna,39,Male,Migraine,Dr. Anitha,11/7/2026,11/16/2026,197,56718.66
346,Kavya Kumar,31,Female,Arthritis,Dr. Thomas,2/27/2026,3/3/2026,356,48760.97
347,Ramesh Kumar,47,Male,Hypertension,Dr. Meera,7/18/2026,7/28/2026,316,28992.4
348,Vinod Mathew,10,Male,Diabetes,Dr. Anitha,2/4/2026,2/5/2026,235,18141.36
349,Vinod Babu,65,Male,Heart Disease,Dr. Suresh,12/31/2026,1/9/2027,493,32618.82
350,Sneha Krishna,69,Female,Kidney Stone,Dr. Anitha,3/20/2026,3/25/2026,143,24968.25
351,Vinod Das,69,Male,Hypertension,Dr. Thomas,10/28/2026,10/30/2026,259,53154
352,Arun Roy,12,Male,Typhoid,Dr. Rajesh,8/21/2026,8/31/2026,412,6489.57
353,Rahul Kumar,18,Male,Diabetes,Dr. Meera,9/12/2026,9/18/2026,368,39998.66
354,Asha Paul,17,Female,Heart Disease,Dr. Suresh,3/2/2026,3/3/2026,272,61015.32
355,Anjali Nair,34,Female,Pneumonia,Dr. Suresh,2/9/2026,2/17/2026,334,39531.69
356,Manoj Pillai,22,Male,Hypertension,Dr. Meera,5/11/2026,5/13/2026,394,51373.73
357,Kiran Joseph,66,Male,Diabetes,Dr. Rajesh,1/7/2026,1/11/2026,124,36702.93
358,Devika Das,23,Female,Diabetes,Dr. Anitha,12/2/2026,12/9/2026,215,25830.65
359,Devika Joseph,41,Female,Heart Disease,Dr. Rajesh,10/20/2026,10/26/2026,162,38897.97
360,Vijay Roy,67,Male,Diabetes,Dr. Thomas,2/5/2026,2/13/2026,245,58580.74
361,Meera Nair,71,Female,Arthritis,Dr. Rajesh,7/8/2026,7/12/2026,250,43375.99
362,Reshma Pillai,32,Female,Arthritis,Dr. Joseph,10/30/2026,11/7/2026,496,58751.73
363,Vijay Kumar,53,Male,Diabetes,Dr. Meera,10/5/2026,10/11/2026,426,63369.12
364,Arjun Kumar,85,Male,Typhoid,Dr. Suresh,6/7/2026,6/9/2026,206,40911.55
365,Suresh Mathew,8,Male,Asthma,Dr. Suresh,5/24/2026,5/26/2026,123,69292.39
366,Reshma Paul,59,Female,Fever,Dr. Anitha,2/18/2026,2/27/2026,169,48698.14
367,Sneha Pillai,73,Female,Diabetes,Dr. Thomas,12/6/2026,12/9/2026,222,23646.51
368,Devika Babu,42,Female,Hypertension,Dr. Thomas,5/20/2026,5/24/2026,139,70907.71
369,Vinod Pillai,14,Male,Asthma,Dr. Rajesh,3/26/2026,4/3/2026,339,25267.41
370,Ramesh Paul,27,Male,Arthritis,Dr. Joseph,8/26/2026,8/31/2026,162,9055.51
371,Nisha Joseph,78,Female,Diabetes,Dr. Meera,6/17/2026,6/20/2026,147,54058.91
372,Lakshmi George,7,Female,Heart Disease,Dr. Joseph,3/31/2026,4/1/2026,308,64458.59
373,Rahul Mathew,14,Male,Asthma,Dr. Rajesh,1/7/2026,1/8/2026,500,73736.12
374,Kiran Babu,48,Male,Fever,Dr. Anitha,10/28/2026,11/2/2026,139,4080.51
375,Kiran Krishna,57,Male,Asthma,Dr. Rajesh,6/19/2026,6/21/2026,122,70815.35
376,Vijay Pillai,56,Male,Typhoid,Dr. Thomas,1/16/2026,1/23/2026,450,33433.14
377,Riya Das,36,Female,Heart Disease,Dr. Thomas,3/18/2026,3/19/2026,415,47390.3
378,Akhil Menon,64,Male,Typhoid,Dr. Anitha,9/3/2026,9/4/2026,145,22783.76
379,Suresh Roy,83,Male,Kidney Stone,Dr. Meera,11/19/2026,11/28/2026,110,74231.76
380,Neha George,63,Female,Hypertension,Dr. Anitha,9/15/2026,9/21/2026,299,22106.59
381,Arjun Pillai,29,Male,Diabetes,Dr. Joseph,1/30/2026,2/7/2026,372,28413.88
382,Vijay Nair,32,Male,Migraine,Dr. Joseph,10/1/2026,10/2/2026,492,74738.42
383,Deepak Babu,46,Male,Asthma,Dr. Meera,5/2/2026,5/12/2026,263,60950.24
384,Devika Pillai,4,Female,Hypertension,Dr. Anitha,10/16/2026,10/19/2026,389,71256.72
385,Anjali Menon,23,Female,Arthritis,Dr. Rajesh,2/16/2026,2/17/2026,220,46120.55
386,Ramesh Mathew,1,Male,Hypertension,Dr. Anitha,4/14/2026,4/17/2026,275,54477.98
387,Anu Kumar,19,Female,Pneumonia,Dr. Suresh,3/14/2026,3/16/2026,370,64898.54
388,Arjun Joseph,85,Male,Typhoid,Dr. Anitha,2/21/2026,2/27/2026,255,25888.73
389,Sanjay Babu,82,Male,Arthritis,Dr. Suresh,6/12/2026,6/15/2026,463,72733.86
390,Riya Krishna,76,Female,Asthma,Dr. Thomas,6/7/2026,6/12/2026,166,15383.85
391,Sanjay Pillai,51,Male,Pneumonia,Dr. Rajesh,4/4/2026,4/14/2026,263,69275.27
392,Akhil Pillai,14,Male,Arthritis,Dr. Meera,6/19/2026,6/21/2026,222,27643.73
393,Asha Krishna,12,Female,Hypertension,Dr. Thomas,1/6/2026,1/11/2026,208,20591.71
394,Arjun Menon,14,Male,Diabetes,Dr. Rajesh,7/17/2026,7/25/2026,476,32924.86
395,Hari Babu,64,Male,Typhoid,Dr. Joseph,10/7/2026,10/14/2026,152,62588.51
396,Vijay Mathew,10,Male,Diabetes,Dr. Joseph,1/11/2026,1/17/2026,234,71495.5
397,Arjun Das,49,Male,Asthma,Dr. Suresh,2/8/2026,2/17/2026,148,27001.42
398,Reshma Kumar,56,Female,Asthma,Dr. Anitha,8/11/2026,8/14/2026,128,9841.19
399,Kiran Babu,71,Male,Kidney Stone,Dr. Joseph,12/5/2026,12/10/2026,253,19722.25
400,Suresh Pillai,71,Male,Arthritis,Dr. Meera,1/28/2026,2/3/2026,102,33501.43
401,Nisha Krishna,81,Female,Pneumonia,Dr. Thomas,4/13/2026,4/15/2026,114,17504.09
402,Sneha Mathew,15,Female,Heart Disease,Dr. Thomas,8/30/2026,9/7/2026,439,21712.82
403,Asha Paul,49,Female,Hypertension,Dr. Meera,8/17/2026,8/18/2026,235,34381.18
404,Riya Menon,73,Female,Diabetes,Dr. Meera,12/23/2026,12/25/2026,144,50940.24
405,Athira Pillai,30,Female,Kidney Stone,Dr. Rajesh,7/18/2026,7/27/2026,315,72508.01
406,Priya Roy,61,Female,Heart Disease,Dr. Rajesh,7/22/2026,7/23/2026,358,43913.45
407,Rahul Mathew,23,Male,Asthma,Dr. Meera,4/9/2026,4/12/2026,122,33194.68
408,Riya Krishna,19,Female,Pneumonia,Dr. Joseph,6/13/2026,6/15/2026,145,30637.19
409,Anjali Paul,36,Female,Kidney Stone,Dr. Thomas,1/7/2026,1/17/2026,401,40385.75
410,Sneha Babu,20,Female,Asthma,Dr. Anitha,10/29/2026,11/8/2026,489,72450.3
411,Hari Nair,73,Male,Fever,Dr. Joseph,10/2/2026,10/8/2026,311,21649.91
412,Priya Pillai,61,Female,Diabetes,Dr. Meera,5/22/2026,5/29/2026,174,47322.73
413,Anu Babu,43,Female,Migraine,Dr. Rajesh,9/1/2026,9/6/2026,291,3966.88
414,Diya Menon,63,Female,Fever,Dr. Meera,3/10/2026,3/15/2026,481,34625.52
415,Diya Joseph,54,Female,Pneumonia,Dr. Suresh,2/15/2026,2/19/2026,327,17825.81
416,Reshma Mathew,67,Female,Hypertension,Dr. Rajesh,9/21/2026,9/24/2026,134,25056.42
417,Asha George,73,Female,Diabetes,Dr. Meera,4/9/2026,4/13/2026,130,20588.04
418,Anu Paul,26,Female,Heart Disease,Dr. Joseph,8/26/2026,9/4/2026,304,48567.21
419,Akhil Kumar,31,Male,Hypertension,Dr. Thomas,11/1/2026,11/9/2026,191,72137.73
420,Priya George,45,Female,Hypertension,Dr. Meera,5/13/2026,5/15/2026,246,4490.16
421,Vijay Pillai,28,Male,Migraine,Dr. Suresh,4/26/2026,4/30/2026,238,49740.08
422,Prakash Krishna,2,Male,Arthritis,Dr. Meera,11/28/2026,12/1/2026,408,60562.7
423,Nithin Pillai,40,Male,Heart Disease,Dr. Thomas,7/12/2026,7/18/2026,336,20769.91
424,Diya Krishna,67,Female,Pneumonia,Dr. Thomas,10/27/2026,10/29/2026,104,39584.74
425,Anjali Krishna,77,Female,Pneumonia,Dr. Joseph,6/2/2026,6/4/2026,347,7128.19
426,Kavya Paul,36,Female,Heart Disease,Dr. Suresh,12/31/2026,1/5/2027,197,13369.87
427,Hari Kumar,77,Male,Typhoid,Dr. Suresh,6/13/2026,6/16/2026,470,4345.51
428,Diya Menon,54,Female,Typhoid,Dr. Thomas,1/19/2026,1/29/2026,463,74619.65
429,Arjun Joseph,29,Male,Kidney Stone,Dr. Suresh,9/1/2026,9/7/2026,360,24264.13
430,Prakash Krishna,72,Male,Asthma,Dr. Joseph,2/19/2026,2/27/2026,166,56216.62
431,Akhil Paul,84,Male,Fever,Dr. Meera,7/1/2026,7/5/2026,482,65678.84
432,Athira Paul,48,Female,Heart Disease,Dr. Anitha,5/31/2026,6/8/2026,161,36613.9
433,Manoj Roy,65,Male,Fever,Dr. Suresh,7/15/2026,7/24/2026,253,32450.28
434,Vijay Roy,44,Male,Typhoid,Dr. Anitha,8/23/2026,8/26/2026,262,65023.56
435,Vinod Nair,63,Male,Hypertension,Dr. Suresh,4/1/2026,4/7/2026,425,6705.99
436,Diya Roy,22,Female,Pneumonia,Dr. Meera,9/8/2026,9/10/2026,167,47049.78
437,Lakshmi Babu,62,Female,Typhoid,Dr. Rajesh,1/20/2026,1/29/2026,203,55472.78
438,Hari Paul,68,Male,Migraine,Dr. Rajesh,12/13/2026,12/14/2026,421,55686.23
439,Sanjay Paul,40,Male,Asthma,Dr. Rajesh,7/16/2026,7/25/2026,402,24693.34
440,Prakash Kumar,39,Male,Heart Disease,Dr. Thomas,9/24/2026,10/4/2026,369,26993.05
441,Arjun Mathew,46,Male,Migraine,Dr. Meera,7/26/2026,7/27/2026,217,18763.3
442,Kiran Joseph,3,Male,Pneumonia,Dr. Anitha,3/28/2026,3/30/2026,288,54055.48
443,Suresh Krishna,33,Male,Kidney Stone,Dr. Anitha,1/25/2026,2/4/2026,125,50492.82
444,Arun Joseph,15,Male,Typhoid,Dr. Thomas,7/14/2026,7/16/2026,381,20823.53
445,Kiran Joseph,81,Male,Diabetes,Dr. Joseph,8/4/2026,8/6/2026,440,40222.42
446,Suresh Nair,66,Male,Pneumonia,Dr. Rajesh,5/25/2026,5/27/2026,155,38586.08
447,Vinod Menon,67,Male,Migraine,Dr. Joseph,12/27/2026,1/3/2027,252,14127.09
448,Devika Roy,62,Female,Hypertension,Dr. Meera,1/2/2026,1/3/2026,444,8952.71
449,Prakash Pillai,64,Male,Asthma,Dr. Rajesh,9/19/2026,9/21/2026,471,54959.28
450,Kavya Roy,59,Female,Heart Disease,Dr. Joseph,8/26/2026,8/27/2026,152,61455.44
451,Prakash Menon,47,Male,Hypertension,Dr. Thomas,3/1/2026,3/3/2026,489,67046.17
452,Prakash Das,85,Male,Asthma,Dr. Joseph,7/3/2026,7/11/2026,419,21952.43
453,Arjun Paul,24,Male,Fever,Dr. Thomas,7/24/2026,8/1/2026,240,63088.86
454,Athira Babu,84,Female,Asthma,Dr. Rajesh,3/9/2026,3/10/2026,182,10019.2
455,Athira Pillai,57,Female,Asthma,Dr. Anitha,7/14/2026,7/20/2026,414,4589.18
456,Manoj Mathew,15,Male,Typhoid,Dr. Thomas,1/24/2026,1/26/2026,234,49985.58
457,Sanjay Krishna,68,Male,Pneumonia,Dr. Suresh,10/17/2026,10/21/2026,443,65802.91
458,Suresh Krishna,32,Male,Arthritis,Dr. Joseph,12/6/2026,12/13/2026,177,63329.89
459,Arun Krishna,21,Male,Kidney Stone,Dr. Thomas,9/11/2026,9/14/2026,139,56978.68
460,Riya Paul,36,Female,Diabetes,Dr. Anitha,4/25/2026,5/4/2026,430,29951.23
461,Rahul Mathew,57,Male,Pneumonia,Dr. Thomas,2/15/2026,2/23/2026,329,25414.46
462,Reshma Krishna,3,Female,Fever,Dr. Thomas,7/31/2026,8/1/2026,386,42309.66
463,Vinod Pillai,80,Male,Heart Disease,Dr. Anitha,10/15/2026,10/19/2026,436,51181.89
464,Meera Kumar,29,Female,Arthritis,Dr. Joseph,10/14/2026,10/24/2026,408,36802.19
465,Reshma Mathew,15,Female,Fever,Dr. Suresh,4/24/2026,4/25/2026,275,28247.58
466,Anjali George,48,Female,Fever,Dr. Rajesh,3/26/2026,4/3/2026,172,62083.3
467,Sneha Menon,79,Female,Migraine,Dr. Meera,3/3/2026,3/10/2026,211,35635.84
468,Sanjay Paul,14,Male,Typhoid,Dr. Rajesh,11/21/2026,12/1/2026,164,58480.53
469,Neha Krishna,76,Female,Kidney Stone,Dr. Meera,9/13/2026,9/14/2026,372,55875.51
470,Nisha Pillai,62,Female,Kidney Stone,Dr. Meera,12/21/2026,12/31/2026,189,55460.86
471,Rahul Babu,85,Male,Pneumonia,Dr. Anitha,6/14/2026,6/23/2026,297,32853.19
472,Nithin Babu,44,Male,Heart Disease,Dr. Thomas,3/10/2026,3/13/2026,312,46183.02
473,Nisha Joseph,71,Female,Hypertension,Dr. Suresh,10/11/2026,10/15/2026,203,17704.17
474,Kavya Paul,17,Female,Asthma,Dr. Anitha,10/5/2026,10/11/2026,464,10866.88
475,Anjali Mathew,75,Female,Pneumonia,Dr. Suresh,12/30/2026,1/6/2027,446,56720.48
476,Devika Babu,2,Female,Kidney Stone,Dr. Rajesh,1/13/2026,1/20/2026,175,6347.21
477,Kiran Menon,21,Male,Heart Disease,Dr. Suresh,5/9/2026,5/12/2026,132,52568.13
478,Riya George,5,Female,Hypertension,Dr. Thomas,2/22/2026,3/4/2026,446,56113.2
479,Sanjay Krishna,72,Male,Typhoid,Dr. Meera,9/19/2026,9/24/2026,455,50675.78
480,Lakshmi Babu,41,Female,Kidney Stone,Dr. Rajesh,1/7/2026,1/12/2026,204,47490.72
481,Nisha Roy,82,Female,Hypertension,Dr. Anitha,10/7/2026,10/17/2026,201,58770.64
482,Nithin Mathew,23,Male,Fever,Dr. Meera,3/30/2026,4/8/2026,162,29846.87
483,Diya George,34,Female,Asthma,Dr. Meera,10/27/2026,11/1/2026,103,26465.8
484,Arun Das,42,Male,Pneumonia,Dr. Rajesh,11/17/2026,11/27/2026,439,24333.72
485,Sneha Joseph,41,Female,Kidney Stone,Dr. Meera,4/5/2026,4/14/2026,135,59503.72
486,Suresh George,69,Male,Typhoid,Dr. Rajesh,6/28/2026,7/2/2026,210,50591.75
487,Meera Menon,28,Female,Pneumonia,Dr. Anitha,9/1/2026,9/10/2026,486,73632.16
488,Rahul Krishna,45,Male,Arthritis,Dr. Meera,11/25/2026,12/5/2026,419,20177.47
489,Akhil Paul,49,Male,Fever,Dr. Thomas,5/12/2026,5/21/2026,471,23005.1
490,Anjali George,58,Female,Arthritis,Dr. Rajesh,6/1/2026,6/5/2026,265,39757.37
491,Vijay George,69,Male,Diabetes,Dr. Suresh,2/3/2026,2/7/2026,444,48139.8
492,Prakash Krishna,55,Male,Fever,Dr. Meera,10/3/2026,10/10/2026,432,61714.69
493,Sanjay Krishna,20,Male,Diabetes,Dr. Thomas,6/19/2026,6/20/2026,145,7810.48
494,Vinod Menon,72,Male,Fever,Dr. Anitha,4/27/2026,5/2/2026,309,30632.36
495,Lakshmi Paul,3,Female,Typhoid,Dr. Suresh,3/2/2026,3/11/2026,104,49003.15
496,Vinod Joseph,75,Male,Diabetes,Dr. Suresh,2/7/2026,2/13/2026,358,10194.83
497,Priya Nair,37,Female,Arthritis,Dr. Thomas,7/22/2026,7/23/2026,343,13833.45
498,Vijay Joseph,51,Male,Kidney Stone,Dr. Joseph,11/21/2026,11/24/2026,253,51603.46
499,Anu George,72,Female,Asthma,Dr. Rajesh,1/22/2026,1/23/2026,394,45757.48
500,Nithin Roy,45,Male,Migraine,Dr. Thomas,11/27/2026,12/6/2026,173,14169.19
501,Deepak Menon,25,Male,Fever,Dr. Meera,12/10/2026,12/20/2026,128,64225.61
502,Kavya George,10,Female,Heart Disease,Dr. Suresh,2/4/2026,2/9/2026,151,16812.78
503,Meera Paul,17,Female,Migraine,Dr. Rajesh,5/26/2026,6/5/2026,136,67758.6
504,Neha Mathew,43,Female,Pneumonia,Dr. Suresh,6/6/2026,6/16/2026,179,43502.52
505,Athira Paul,55,Female,Asthma,Dr. Rajesh,6/10/2026,6/14/2026,214,54134.44
506,Diya Paul,18,Female,Hypertension,Dr. Thomas,8/25/2026,9/2/2026,284,58670.6
507,Anjali Nair,23,Female,Pneumonia,Dr. Rajesh,5/24/2026,5/27/2026,376,16741.31
508,Sanjay Nair,3,Male,Kidney Stone,Dr. Suresh,1/16/2026,1/26/2026,397,31872.25
509,Hari Kumar,71,Male,Heart Disease,Dr. Anitha,10/4/2026,10/12/2026,435,58701.8
510,Lakshmi Roy,76,Female,Heart Disease,Dr. Meera,8/26/2026,9/4/2026,362,9065.17
511,Anjali Kumar,85,Female,Migraine,Dr. Anitha,12/17/2026,12/20/2026,488,39774.91
512,Asha Das,73,Female,Pneumonia,Dr. Suresh,3/16/2026,3/24/2026,284,5430.44
513,Riya Nair,34,Female,Hypertension,Dr. Meera,1/22/2026,1/26/2026,366,68310.14
514,Lakshmi Mathew,59,Female,Diabetes,Dr. Rajesh,11/29/2026,12/5/2026,153,53520.88
515,Nisha Joseph,34,Female,Pneumonia,Dr. Anitha,10/19/2026,10/22/2026,293,49891.46
516,Priya Krishna,10,Female,Kidney Stone,Dr. Joseph,7/12/2026,7/16/2026,365,31923.56
517,Neha Mathew,78,Female,Diabetes,Dr. Anitha,3/13/2026,3/21/2026,185,19174.33
518,Riya Das,24,Female,Asthma,Dr. Joseph,11/5/2026,11/7/2026,439,19200.11
519,Reshma Nair,62,Female,Arthritis,Dr. Thomas,4/18/2026,4/28/2026,183,49426.29
520,Anu Roy,6,Female,Asthma,Dr. Anitha,10/31/2026,11/3/2026,169,48141.68
521,Hari Pillai,19,Male,Diabetes,Dr. Meera,5/13/2026,5/16/2026,365,71972.28
522,Hari Joseph,85,Male,Heart Disease,Dr. Rajesh,4/21/2026,4/29/2026,411,74476.25
523,Asha Roy,53,Female,Pneumonia,Dr. Meera,10/26/2026,10/29/2026,420,50324.53
524,Asha Joseph,44,Female,Arthritis,Dr. Anitha,10/30/2026,11/1/2026,218,29920.32
525,Rahul Kumar,26,Male,Kidney Stone,Dr. Anitha,12/17/2026,12/24/2026,177,46399.55
526,Manoj Pillai,77,Male,Diabetes,Dr. Anitha,9/15/2026,9/17/2026,148,37462.47
527,Hari Pillai,70,Male,Diabetes,Dr. Suresh,11/29/2026,12/6/2026,368,32999.59
528,Sanjay George,55,Male,Migraine,Dr. Thomas,7/15/2026,7/21/2026,402,60835.03
529,Suresh Das,33,Male,Arthritis,Dr. Meera,2/12/2026,2/17/2026,407,66065.56
530,Diya Roy,1,Female,Diabetes,Dr. Anitha,9/25/2026,9/27/2026,367,3021.57
531,Sanjay Paul,53,Male,Hypertension,Dr. Rajesh,3/21/2026,3/28/2026,434,44939.34
532,Nisha George,55,Female,Pneumonia,Dr. Joseph,11/10/2026,11/15/2026,449,31315.43
533,Suresh George,72,Male,Arthritis,Dr. Meera,7/9/2026,7/18/2026,385,37572.61
534,Priya Paul,51,Female,Asthma,Dr. Suresh,3/2/2026,3/6/2026,329,59275.42
535,Rahul Roy,66,Male,Typhoid,Dr. Joseph,10/9/2026,10/19/2026,457,52130.92
536,Vijay Babu,82,Male,Diabetes,Dr. Rajesh,3/16/2026,3/24/2026,408,34064.86
537,Nithin Roy,48,Male,Fever,Dr. Anitha,1/20/2026,1/27/2026,306,47012.51
538,Reshma Pillai,8,Female,Asthma,Dr. Suresh,9/11/2026,9/19/2026,106,17123.78
539,Riya Kumar,77,Female,Kidney Stone,Dr. Anitha,12/24/2026,12/28/2026,415,14787.51
540,Arjun Roy,84,Male,Diabetes,Dr. Meera,2/14/2026,2/19/2026,500,31458.94
541,Lakshmi Pillai,26,Female,Kidney Stone,Dr. Rajesh,12/27/2026,12/29/2026,147,42345.47
542,Meera Menon,29,Female,Pneumonia,Dr. Meera,8/21/2026,8/28/2026,395,2837.23
543,Suresh George,14,Male,Kidney Stone,Dr. Rajesh,9/15/2026,9/20/2026,275,71158.62
544,Devika George,74,Female,Heart Disease,Dr. Suresh,8/15/2026,8/22/2026,389,37563.17
545,Vinod Paul,59,Male,Arthritis,Dr. Anitha,1/15/2026,1/23/2026,160,21191.93
546,Kavya Roy,30,Female,Hypertension,Dr. Thomas,6/30/2026,7/9/2026,375,3204.93
547,Riya Menon,12,Female,Typhoid,Dr. Suresh,6/25/2026,6/27/2026,384,70026.23
548,Meera Paul,28,Female,Pneumonia,Dr. Joseph,4/4/2026,4/8/2026,356,55940.64
549,Sanjay Roy,34,Male,Migraine,Dr. Meera,4/14/2026,4/18/2026,417,28311.98
550,Rahul Nair,85,Male,Arthritis,Dr. Anitha,1/4/2026,1/13/2026,122,63980.77
551,Priya Paul,64,Female,Pneumonia,Dr. Joseph,9/9/2026,9/12/2026,492,68910.5
552,Lakshmi Roy,74,Female,Asthma,Dr. Rajesh,9/27/2026,10/4/2026,345,70624.95
553,Ramesh Paul,51,Male,Asthma,Dr. Thomas,3/3/2026,3/12/2026,336,25384.72
554,Arun Krishna,27,Male,Typhoid,Dr. Anitha,2/21/2026,2/27/2026,286,46926.41
555,Asha George,34,Female,Migraine,Dr. Joseph,8/30/2026,9/9/2026,276,29029.5
556,Lakshmi Roy,54,Female,Hypertension,Dr. Joseph,7/25/2026,7/30/2026,331,15541.97
557,Deepak Krishna,30,Male,Fever,Dr. Suresh,5/19/2026,5/23/2026,385,33835.86
558,Riya Das,20,Female,Arthritis,Dr. Rajesh,4/1/2026,4/8/2026,356,12249.2
559,Athira Mathew,39,Female,Heart Disease,Dr. Anitha,10/18/2026,10/19/2026,304,9675.67
560,Arun Roy,33,Male,Arthritis,Dr. Suresh,2/19/2026,2/27/2026,482,26762.6
561,Meera George,72,Female,Heart Disease,Dr. Joseph,1/11/2026,1/18/2026,163,27954.06
562,Deepak Pillai,84,Male,Kidney Stone,Dr. Meera,5/26/2026,6/1/2026,267,51306.48
563,Athira Joseph,58,Female,Fever,Dr. Thomas,11/11/2026,11/16/2026,338,48299.13
564,Prakash Das,82,Male,Hypertension,Dr. Thomas,11/20/2026,11/30/2026,393,31846.02
565,Rahul Das,44,Male,Migraine,Dr. Joseph,6/12/2026,6/17/2026,464,21891.75
566,Diya Mathew,47,Female,Pneumonia,Dr. Anitha,8/19/2026,8/26/2026,186,15831.75
567,Vijay Joseph,31,Male,Heart Disease,Dr. Suresh,12/25/2026,12/27/2026,208,14601.01
568,Rahul Nair,61,Male,Kidney Stone,Dr. Rajesh,1/14/2026,1/21/2026,369,57962.24
569,Rahul Menon,80,Male,Asthma,Dr. Rajesh,12/2/2026,12/9/2026,259,19128.31
570,Neha Krishna,17,Female,Asthma,Dr. Anitha,3/29/2026,3/30/2026,118,50607.31
571,Nisha Mathew,60,Female,Kidney Stone,Dr. Joseph,10/8/2026,10/16/2026,170,72791.81
572,Deepak Pillai,59,Male,Pneumonia,Dr. Thomas,9/26/2026,10/5/2026,259,68396.93
573,Anjali Roy,12,Female,Arthritis,Dr. Joseph,7/7/2026,7/14/2026,234,13789.52
574,Arun George,18,Male,Hypertension,Dr. Joseph,8/29/2026,9/7/2026,105,52363.32
575,Athira Mathew,39,Female,Diabetes,Dr. Thomas,5/30/2026,6/9/2026,219,60265.64
576,Riya Babu,72,Female,Typhoid,Dr. Thomas,5/8/2026,5/11/2026,467,55941.04
577,Nisha Babu,29,Female,Heart Disease,Dr. Rajesh,8/5/2026,8/9/2026,365,57929.03
578,Diya Krishna,69,Female,Heart Disease,Dr. Thomas,4/7/2026,4/9/2026,194,12405.24
579,Akhil Mathew,80,Male,Arthritis,Dr. Joseph,12/25/2026,1/4/2027,352,16114.73
580,Vijay Kumar,69,Male,Diabetes,Dr. Meera,2/22/2026,2/27/2026,238,11565.34
581,Reshma Kumar,30,Female,Fever,Dr. Meera,1/8/2026,1/16/2026,212,27288.68
582,Athira Mathew,48,Female,Arthritis,Dr. Suresh,1/17/2026,1/23/2026,142,63657.11
583,Arun Menon,51,Male,Fever,Dr. Anitha,8/29/2026,9/1/2026,199,67438.18
584,Nisha Babu,2,Female,Fever,Dr. Suresh,5/8/2026,5/15/2026,495,73185.49
585,Sanjay Kumar,26,Male,Arthritis,Dr. Suresh,2/18/2026,2/27/2026,441,73703.4
586,Lakshmi Krishna,40,Female,Hypertension,Dr. Meera,11/19/2026,11/20/2026,482,70463.02
587,Nithin Mathew,82,Male,Heart Disease,Dr. Meera,7/4/2026,7/5/2026,442,18289.65
588,Kiran Krishna,56,Male,Hypertension,Dr. Rajesh,3/27/2026,4/1/2026,400,11174.6
589,Arun Kumar,75,Male,Arthritis,Dr. Suresh,11/2/2026,11/5/2026,291,58382.78
590,Vijay Mathew,12,Male,Pneumonia,Dr. Joseph,11/17/2026,11/18/2026,131,28275.03
591,Sanjay George,14,Male,Asthma,Dr. Thomas,4/30/2026,5/6/2026,386,59670.73
592,Athira Mathew,25,Female,Diabetes,Dr. Suresh,7/13/2026,7/19/2026,471,12268.08
593,Manoj Joseph,57,Male,Kidney Stone,Dr. Joseph,10/5/2026,10/13/2026,198,43585.88
594,Meera Joseph,60,Female,Heart Disease,Dr. Anitha,10/11/2026,10/14/2026,136,41007.46
595,Diya Menon,70,Female,Hypertension,Dr. Thomas,1/1/2026,1/10/2026,295,55690.19
596,Deepak Paul,80,Male,Migraine,Dr. Joseph,2/2/2026,2/11/2026,299,16265.54
597,Athira George,20,Female,Pneumonia,Dr. Joseph,6/15/2026,6/22/2026,429,25846.74
598,Ramesh Krishna,9,Male,Diabetes,Dr. Meera,4/2/2026,4/3/2026,204,10261.5
599,Rahul Kumar,74,Male,Typhoid,Dr. Suresh,9/8/2026,9/17/2026,420,53345.27
600,Anu Paul,29,Female,Pneumonia,Dr. Suresh,2/6/2026,2/7/2026,207,50041.83
601,Manoj Krishna,8,Male,Hypertension,Dr. Anitha,8/1/2026,8/7/2026,463,6726.75
602,Anjali Kumar,10,Female,Heart Disease,Dr. Rajesh,4/21/2026,4/30/2026,150,9838.82
603,Ramesh Babu,25,Male,Migraine,Dr. Anitha,12/3/2026,12/7/2026,392,47836.07
604,Ramesh Joseph,72,Male,Typhoid,Dr. Suresh,2/24/2026,3/6/2026,284,51400.71
605,Devika Nair,22,Female,Asthma,Dr. Anitha,7/25/2026,8/3/2026,273,50171.06
606,Devika Paul,41,Female,Kidney Stone,Dr. Joseph,7/10/2026,7/17/2026,492,48409.96
607,Priya Roy,73,Female,Kidney Stone,Dr. Meera,7/12/2026,7/21/2026,482,20921.46
608,Neha Babu,1,Female,Diabetes,Dr. Joseph,11/2/2026,11/3/2026,366,12293.71
609,Anu Menon,29,Female,Migraine,Dr. Joseph,1/12/2026,1/17/2026,384,39567.18
610,Rahul Kumar,59,Male,Hypertension,Dr. Meera,3/12/2026,3/17/2026,288,66997.84
611,Kiran Menon,39,Male,Fever,Dr. Anitha,7/24/2026,8/3/2026,212,55734.28
612,Athira Mathew,23,Female,Arthritis,Dr. Suresh,12/26/2026,1/5/2027,149,45654.26
613,Anu Joseph,74,Female,Typhoid,Dr. Rajesh,1/29/2026,2/4/2026,279,66284.96
614,Lakshmi Nair,30,Female,Pneumonia,Dr. Rajesh,11/21/2026,11/28/2026,128,24596.8
615,Arjun George,73,Male,Asthma,Dr. Joseph,9/15/2026,9/19/2026,179,6162.69
616,Neha Pillai,74,Female,Kidney Stone,Dr. Rajesh,4/24/2026,5/1/2026,249,59511.7
617,Vijay Paul,11,Male,Arthritis,Dr. Anitha,1/26/2026,2/4/2026,305,21535.45
618,Anjali Babu,17,Female,Asthma,Dr. Thomas,10/14/2026,10/18/2026,350,31160.61
619,Ramesh Pillai,68,Male,Migraine,Dr. Meera,2/6/2026,2/11/2026,498,33679.77
620,Rahul Krishna,53,Male,Typhoid,Dr. Joseph,6/28/2026,7/2/2026,265,27478.06
621,Vinod Menon,22,Male,Hypertension,Dr. Anitha,8/15/2026,8/25/2026,175,34433.6
622,Kiran Krishna,48,Male,Asthma,Dr. Suresh,2/13/2026,2/15/2026,479,6454.01
623,Prakash Menon,2,Male,Hypertension,Dr. Suresh,2/26/2026,3/3/2026,331,36661.3
624,Riya Joseph,69,Female,Migraine,Dr. Meera,10/7/2026,10/16/2026,485,21252.71
625,Priya Joseph,19,Female,Diabetes,Dr. Thomas,10/26/2026,11/4/2026,123,21020.58
626,Nithin Roy,80,Male,Heart Disease,Dr. Rajesh,8/27/2026,8/28/2026,135,30676.77
627,Kavya Krishna,47,Female,Fever,Dr. Rajesh,5/30/2026,6/6/2026,219,73534.98
628,Hari Paul,63,Male,Pneumonia,Dr. Anitha,2/15/2026,2/18/2026,202,38797.18
629,Anjali Joseph,3,Female,Diabetes,Dr. Meera,9/29/2026,10/4/2026,271,38020.13
630,Arun Paul,46,Male,Hypertension,Dr. Suresh,6/4/2026,6/8/2026,357,22501.18
631,Akhil Menon,50,Male,Diabetes,Dr. Anitha,5/24/2026,5/28/2026,178,27279.5
632,Kavya Das,12,Female,Typhoid,Dr. Anitha,12/14/2026,12/24/2026,421,52272.94
633,Riya Pillai,20,Female,Typhoid,Dr. Joseph,11/6/2026,11/12/2026,330,41811.95
634,Akhil Das,75,Male,Kidney Stone,Dr. Suresh,4/14/2026,4/17/2026,259,52418.58
635,Suresh Das,84,Male,Pneumonia,Dr. Meera,6/12/2026,6/14/2026,386,41139.71
636,Vijay Paul,19,Male,Diabetes,Dr. Joseph,7/31/2026,8/7/2026,256,34617.83
637,Asha Roy,14,Female,Asthma,Dr. Meera,1/14/2026,1/24/2026,416,21847.54
638,Deepak Roy,30,Male,Diabetes,Dr. Joseph,2/10/2026,2/18/2026,169,38918.53
639,Reshma Krishna,48,Female,Asthma,Dr. Thomas,9/9/2026,9/17/2026,171,14374.51
640,Arun Babu,2,Male,Heart Disease,Dr. Thomas,4/24/2026,4/28/2026,488,17330.75
641,Hari Mathew,79,Male,Arthritis,Dr. Suresh,6/16/2026,6/24/2026,227,33497.79
642,Deepak Joseph,49,Male,Hypertension,Dr. Thomas,11/10/2026,11/20/2026,405,41371.56
643,Ramesh Nair,58,Male,Arthritis,Dr. Rajesh,5/6/2026,5/15/2026,376,31181.81
644,Ramesh Babu,67,Male,Diabetes,Dr. Meera,5/30/2026,6/7/2026,304,66618.82
645,Neha Das,55,Female,Heart Disease,Dr. Anitha,1/28/2026,2/6/2026,173,36109.47
646,Sneha Joseph,65,Female,Fever,Dr. Meera,10/27/2026,11/5/2026,170,30997.34
647,Neha Kumar,23,Female,Arthritis,Dr. Anitha,12/31/2026,1/4/2027,333,9038.03
648,Reshma Krishna,21,Female,Fever,Dr. Rajesh,2/28/2026,3/8/2026,425,28813.4
649,Reshma George,79,Female,Asthma,Dr. Thomas,10/9/2026,10/16/2026,123,58198.87
650,Priya Krishna,20,Female,Asthma,Dr. Meera,4/2/2026,4/3/2026,315,24834.51
651,Diya Krishna,24,Female,Fever,Dr. Meera,4/14/2026,4/15/2026,419,57991.2
652,Manoj Mathew,64,Male,Kidney Stone,Dr. Rajesh,11/8/2026,11/16/2026,222,18223.35
653,Neha Babu,57,Female,Fever,Dr. Anitha,11/4/2026,11/5/2026,226,66457.17
654,Priya Krishna,72,Female,Migraine,Dr. Rajesh,4/5/2026,4/8/2026,129,49862.57
655,Vijay Kumar,74,Male,Pneumonia,Dr. Joseph,6/19/2026,6/21/2026,126,10394.35
656,Vijay Krishna,37,Male,Pneumonia,Dr. Suresh,12/21/2026,12/31/2026,394,59579.8
657,Manoj Joseph,75,Male,Hypertension,Dr. Rajesh,2/17/2026,2/22/2026,266,29221.28
658,Nisha Nair,55,Female,Kidney Stone,Dr. Rajesh,5/30/2026,6/7/2026,169,11346.68
659,Meera George,53,Female,Kidney Stone,Dr. Meera,12/23/2026,12/27/2026,414,6718.38
660,Manoj Joseph,78,Male,Heart Disease,Dr. Thomas,11/8/2026,11/14/2026,233,40590.86
661,Devika Das,79,Female,Pneumonia,Dr. Thomas,9/24/2026,10/2/2026,353,61078.58
662,Sanjay Menon,25,Male,Diabetes,Dr. Rajesh,1/13/2026,1/21/2026,421,60263.11
663,Vinod Pillai,54,Male,Typhoid,Dr. Rajesh,6/20/2026,6/26/2026,387,60938.16
664,Arun Krishna,26,Male,Heart Disease,Dr. Joseph,2/4/2026,2/9/2026,254,39235
665,Athira Kumar,15,Female,Hypertension,Dr. Joseph,7/22/2026,8/1/2026,416,72108.18
666,Kiran Paul,44,Male,Arthritis,Dr. Thomas,1/19/2026,1/22/2026,347,13765.51
667,Devika George,43,Female,Arthritis,Dr. Thomas,1/29/2026,2/7/2026,254,43458.34
668,Anjali George,3,Female,Migraine,Dr. Anitha,12/17/2026,12/23/2026,282,7300.45
669,Nithin Kumar,44,Male,Typhoid,Dr. Suresh,10/1/2026,10/4/2026,393,46412.46
670,Deepak Nair,40,Male,Hypertension,Dr. Suresh,1/17/2026,1/22/2026,312,8792.84
671,Arjun Mathew,39,Male,Migraine,Dr. Anitha,6/4/2026,6/7/2026,158,29630.64
672,Vinod Roy,12,Male,Arthritis,Dr. Anitha,1/13/2026,1/21/2026,357,13670.64
673,Devika Mathew,68,Female,Heart Disease,Dr. Joseph,3/15/2026,3/17/2026,365,51562
674,Kiran Joseph,5,Male,Arthritis,Dr. Thomas,9/25/2026,9/27/2026,103,25046.15
675,Akhil Pillai,12,Male,Hypertension,Dr. Thomas,1/24/2026,1/26/2026,367,58048.06
676,Anu Pillai,40,Female,Migraine,Dr. Joseph,4/13/2026,4/17/2026,247,22557.09
677,Athira Mathew,16,Female,Heart Disease,Dr. Meera,3/22/2026,3/27/2026,159,3606.11
678,Kiran George,45,Male,Kidney Stone,Dr. Joseph,5/19/2026,5/22/2026,461,60790.21
679,Vijay Nair,40,Male,Pneumonia,Dr. Joseph,10/4/2026,10/12/2026,126,11930.37
680,Devika Krishna,7,Female,Fever,Dr. Thomas,1/28/2026,1/30/2026,319,30913.97
681,Priya Paul,40,Female,Hypertension,Dr. Meera,12/10/2026,12/19/2026,141,73091.94
682,Priya Das,12,Female,Arthritis,Dr. Rajesh,8/22/2026,8/27/2026,451,49220.35
683,Neha Roy,29,Female,Asthma,Dr. Anitha,5/13/2026,5/19/2026,301,15793.1
684,Athira Paul,59,Female,Arthritis,Dr. Rajesh,2/3/2026,2/11/2026,158,27979.46
685,Nisha Das,37,Female,Hypertension,Dr. Anitha,10/22/2026,10/25/2026,361,9962.59
686,Arjun George,84,Male,Fever,Dr. Joseph,9/30/2026,10/8/2026,306,45313.86
687,Deepak Roy,71,Male,Asthma,Dr. Thomas,7/16/2026,7/18/2026,275,17597.27
688,Athira Babu,73,Female,Hypertension,Dr. Anitha,12/22/2026,12/26/2026,189,50539.39
689,Sanjay Joseph,74,Male,Arthritis,Dr. Rajesh,10/31/2026,11/10/2026,338,26089.91
690,Prakash Mathew,23,Male,Heart Disease,Dr. Thomas,2/5/2026,2/15/2026,156,52199.38
691,Meera Mathew,83,Female,Diabetes,Dr. Rajesh,4/22/2026,4/25/2026,398,67986.06
692,Vinod Das,85,Male,Asthma,Dr. Thomas,9/30/2026,10/5/2026,300,47128.98
693,Riya Roy,41,Female,Heart Disease,Dr. Anitha,12/14/2026,12/19/2026,323,54539.86
694,Sneha Pillai,2,Female,Pneumonia,Dr. Anitha,7/26/2026,7/29/2026,251,7024.77
695,Arun Joseph,72,Male,Hypertension,Dr. Rajesh,5/25/2026,5/26/2026,221,33799.37
696,Kavya Paul,49,Female,Typhoid,Dr. Thomas,8/11/2026,8/20/2026,209,50530.35
697,Asha Roy,72,Female,Typhoid,Dr. Joseph,8/2/2026,8/5/2026,248,74815.56
698,Vijay Kumar,10,Male,Diabetes,Dr. Meera,9/7/2026,9/14/2026,170,8638.1
699,Nisha Mathew,78,Female,Typhoid,Dr. Anitha,4/3/2026,4/11/2026,361,33249.04
700,Lakshmi Paul,29,Female,Asthma,Dr. Thomas,11/6/2026,11/7/2026,396,38616.38
701,Sanjay George,35,Male,Typhoid,Dr. Anitha,10/23/2026,10/29/2026,118,73421.93
702,Reshma Paul,15,Female,Pneumonia,Dr. Thomas,12/20/2026,12/22/2026,173,55438.45
703,Neha George,11,Female,Kidney Stone,Dr. Anitha,2/15/2026,2/19/2026,342,48223.06
704,Akhil Krishna,70,Male,Pneumonia,Dr. Joseph,11/10/2026,11/11/2026,276,41289.91
705,Manoj Mathew,66,Male,Arthritis,Dr. Anitha,6/19/2026,6/26/2026,281,72142.14
706,Diya Das,5,Female,Pneumonia,Dr. Suresh,6/5/2026,6/15/2026,234,6952.79
707,Priya Das,74,Female,Diabetes,Dr. Suresh,5/30/2026,6/9/2026,114,23294.13
708,Vijay George,10,Male,Heart Disease,Dr. Joseph,3/9/2026,3/19/2026,244,22453.24
709,Anu Joseph,15,Female,Pneumonia,Dr. Meera,10/30/2026,11/2/2026,438,34882.35
710,Nithin Joseph,31,Male,Arthritis,Dr. Meera,9/28/2026,9/29/2026,276,73845.2
711,Deepak Das,64,Male,Typhoid,Dr. Thomas,5/2/2026,5/10/2026,472,48724.16
712,Deepak Joseph,45,Male,Diabetes,Dr. Suresh,5/16/2026,5/18/2026,127,14651.03
713,Neha Menon,61,Female,Kidney Stone,Dr. Meera,7/14/2026,7/21/2026,343,21540.32
714,Anu Menon,58,Female,Typhoid,Dr. Suresh,6/11/2026,6/20/2026,450,71800.63
715,Hari George,82,Male,Hypertension,Dr. Thomas,11/9/2026,11/14/2026,272,22098.64
716,Nithin Krishna,75,Male,Typhoid,Dr. Thomas,12/12/2026,12/16/2026,476,51212.01
717,Ramesh Paul,24,Male,Hypertension,Dr. Anitha,1/6/2026,1/7/2026,135,3367.2
718,Ramesh Nair,58,Male,Hypertension,Dr. Meera,5/26/2026,5/31/2026,199,4968.03
719,Arun Pillai,85,Male,Migraine,Dr. Anitha,11/23/2026,11/25/2026,463,71940.16
720,Prakash Pillai,17,Male,Typhoid,Dr. Suresh,11/28/2026,12/8/2026,195,67460.12
721,Nithin Menon,60,Male,Fever,Dr. Suresh,8/21/2026,8/26/2026,494,33456.3
722,Diya Das,10,Female,Heart Disease,Dr. Rajesh,7/15/2026,7/22/2026,271,74707
723,Nisha Menon,23,Female,Arthritis,Dr. Rajesh,9/9/2026,9/13/2026,413,30966
724,Sneha Das,70,Female,Typhoid,Dr. Meera,11/11/2026,11/13/2026,327,54366.52
725,Arun Nair,10,Male,Pneumonia,Dr. Suresh,5/9/2026,5/17/2026,110,67497.15
726,Akhil Krishna,1,Male,Diabetes,Dr. Suresh,7/19/2026,7/24/2026,178,53254
727,Priya Kumar,66,Female,Arthritis,Dr. Thomas,8/12/2026,8/19/2026,473,59117.94
728,Ramesh Roy,1,Male,Typhoid,Dr. Suresh,9/4/2026,9/6/2026,391,41309.55
729,Meera Krishna,39,Female,Typhoid,Dr. Rajesh,11/20/2026,11/22/2026,288,41260.41
730,Sneha Mathew,38,Female,Migraine,Dr. Meera,10/11/2026,10/12/2026,297,50403.22
731,Reshma Babu,14,Female,Hypertension,Dr. Thomas,2/13/2026,2/21/2026,477,16236.18
732,Kiran Kumar,76,Male,Migraine,Dr. Thomas,7/19/2026,7/21/2026,377,49147.05
733,Anjali Mathew,3,Female,Diabetes,Dr. Joseph,1/29/2026,2/4/2026,470,5604.05
734,Kiran Krishna,67,Male,Arthritis,Dr. Suresh,10/2/2026,10/5/2026,480,44502.56
735,Arun Joseph,19,Male,Arthritis,Dr. Suresh,1/10/2026,1/18/2026,417,5820.62
736,Arun Das,81,Male,Diabetes,Dr. Joseph,2/19/2026,2/27/2026,413,14874.98
737,Prakash Nair,15,Male,Arthritis,Dr. Anitha,11/12/2026,11/16/2026,133,60822.88
738,Meera Joseph,52,Female,Hypertension,Dr. Rajesh,12/17/2026,12/27/2026,380,12456.38
739,Vinod Kumar,76,Male,Asthma,Dr. Joseph,2/2/2026,2/4/2026,241,12739.67
740,Asha Joseph,48,Female,Kidney Stone,Dr. Meera,8/13/2026,8/17/2026,398,5450.67
741,Vinod Krishna,79,Male,Typhoid,Dr. Meera,1/9/2026,1/17/2026,142,2960.34
742,Hari Nair,84,Male,Pneumonia,Dr. Joseph,8/2/2026,8/10/2026,455,11699.7
743,Akhil Menon,67,Male,Arthritis,Dr. Thomas,5/3/2026,5/6/2026,413,52646.33
744,Sanjay Mathew,79,Male,Fever,Dr. Suresh,6/4/2026,6/10/2026,315,2831.33
745,Kiran Nair,68,Male,Fever,Dr. Anitha,7/5/2026,7/14/2026,360,18397.52
746,Nithin Kumar,25,Male,Fever,Dr. Meera,12/17/2026,12/25/2026,355,15283.48
747,Arun Krishna,47,Male,Heart Disease,Dr. Meera,8/11/2026,8/16/2026,272,47219.4
748,Anu Nair,7,Female,Kidney Stone,Dr. Meera,3/22/2026,3/23/2026,349,39830.52
749,Hari Roy,57,Male,Pneumonia,Dr. Anitha,6/16/2026,6/23/2026,202,56663.79
750,Riya Nair,42,Female,Migraine,Dr. Rajesh,5/2/2026,5/9/2026,203,29726.1
751,Rahul Mathew,75,Male,Arthritis,Dr. Rajesh,8/12/2026,8/15/2026,211,69771.82
752,Asha Babu,48,Female,Asthma,Dr. Thomas,4/10/2026,4/16/2026,239,17160.29
753,Arun Joseph,73,Male,Diabetes,Dr. Joseph,3/11/2026,3/13/2026,339,35746.97
754,Vinod Paul,29,Male,Heart Disease,Dr. Anitha,3/22/2026,4/1/2026,188,44413.8
755,Rahul Babu,67,Male,Arthritis,Dr. Meera,10/30/2026,11/7/2026,337,22739.89
756,Reshma Roy,32,Female,Hypertension,Dr. Thomas,10/24/2026,10/28/2026,403,71103.3
757,Suresh Kumar,6,Male,Arthritis,Dr. Suresh,9/16/2026,9/17/2026,318,41006.33
758,Athira Joseph,13,Female,Arthritis,Dr. Thomas,5/4/2026,5/6/2026,386,57098.21
759,Riya Das,46,Female,Heart Disease,Dr. Meera,11/28/2026,11/30/2026,109,37284.26
760,Asha Joseph,59,Female,Pneumonia,Dr. Suresh,10/26/2026,10/27/2026,333,36122.65
761,Prakash Joseph,52,Male,Asthma,Dr. Joseph,11/17/2026,11/25/2026,461,48421.67
762,Suresh Joseph,43,Male,Kidney Stone,Dr. Rajesh,6/1/2026,6/8/2026,486,22059.73
763,Vinod Krishna,11,Male,Pneumonia,Dr. Joseph,1/29/2026,2/7/2026,446,28889.31
764,Rahul Babu,47,Male,Arthritis,Dr. Anitha,1/21/2026,1/27/2026,288,15206.89
765,Ramesh Joseph,27,Male,Asthma,Dr. Joseph,5/3/2026,5/12/2026,159,49555.28
766,Vinod Joseph,29,Male,Hypertension,Dr. Joseph,5/17/2026,5/26/2026,449,33162.36
767,Rahul Paul,45,Male,Arthritis,Dr. Thomas,9/14/2026,9/23/2026,163,36586.88
768,Neha Pillai,48,Female,Fever,Dr. Meera,8/23/2026,8/25/2026,142,30824.48
769,Nithin Nair,14,Male,Asthma,Dr. Joseph,2/27/2026,3/2/2026,355,13411.11
770,Ramesh Krishna,3,Male,Heart Disease,Dr. Thomas,12/16/2026,12/25/2026,168,36858.11
771,Neha Joseph,83,Female,Diabetes,Dr. Joseph,4/7/2026,4/9/2026,112,65705.04
772,Prakash George,83,Male,Hypertension,Dr. Thomas,10/24/2026,10/30/2026,436,49338.71
773,Neha Pillai,68,Female,Kidney Stone,Dr. Thomas,8/23/2026,8/28/2026,391,12066.68
774,Asha Menon,30,Female,Arthritis,Dr. Joseph,5/28/2026,5/29/2026,176,28101.26
775,Asha Pillai,21,Female,Kidney Stone,Dr. Joseph,4/4/2026,4/7/2026,463,52732.3
776,Vijay Roy,15,Male,Diabetes,Dr. Joseph,10/22/2026,10/25/2026,326,21379.52
777,Kiran George,5,Male,Hypertension,Dr. Joseph,3/17/2026,3/23/2026,330,41640.33
778,Ramesh Menon,16,Male,Diabetes,Dr. Thomas,9/13/2026,9/16/2026,335,69766.32
779,Arun Joseph,70,Male,Kidney Stone,Dr. Joseph,11/28/2026,12/3/2026,343,67458.37
780,Vinod Pillai,57,Male,Hypertension,Dr. Suresh,2/27/2026,3/7/2026,121,12608.19
781,Nithin Kumar,52,Male,Pneumonia,Dr. Meera,8/17/2026,8/23/2026,148,26161.57
782,Deepak George,29,Male,Heart Disease,Dr. Meera,1/12/2026,1/14/2026,376,64085.23
783,Ramesh Babu,25,Male,Arthritis,Dr. Joseph,11/5/2026,11/15/2026,362,70896.66
784,Lakshmi Das,55,Female,Hypertension,Dr. Thomas,7/10/2026,7/11/2026,246,27506.72
785,Neha George,12,Female,Migraine,Dr. Suresh,8/16/2026,8/23/2026,327,23425.97
786,Reshma Babu,18,Female,Pneumonia,Dr. Anitha,2/14/2026,2/17/2026,207,24484.26
787,Sneha Pillai,49,Female,Fever,Dr. Rajesh,7/29/2026,8/3/2026,313,15179.74
788,Reshma Pillai,18,Female,Migraine,Dr. Meera,7/15/2026,7/20/2026,384,38067.46
789,Nisha Pillai,39,Female,Arthritis,Dr. Anitha,8/26/2026,8/30/2026,114,59863.42
790,Nithin Menon,82,Male,Arthritis,Dr. Rajesh,12/1/2026,12/6/2026,314,15504.49
791,Arun Nair,36,Male,Arthritis,Dr. Rajesh,11/3/2026,11/9/2026,398,37335.23
792,Nisha Menon,81,Female,Arthritis,Dr. Suresh,3/3/2026,3/9/2026,363,55639.4
793,Prakash Menon,21,Male,Pneumonia,Dr. Rajesh,3/16/2026,3/22/2026,337,66178
794,Arjun Das,7,Male,Heart Disease,Dr. Joseph,8/3/2026,8/9/2026,125,23514.57
795,Ramesh Roy,81,Male,Asthma,Dr. Rajesh,11/3/2026,11/6/2026,379,25889
796,Nisha Krishna,39,Female,Heart Disease,Dr. Suresh,12/24/2026,12/30/2026,150,41245.47
797,Nisha Das,2,Female,Asthma,Dr. Anitha,5/25/2026,5/31/2026,499,37655.18
798,Devika Das,14,Female,Migraine,Dr. Meera,9/15/2026,9/19/2026,197,60145.24
799,Suresh Mathew,10,Male,Fever,Dr. Meera,1/9/2026,1/17/2026,279,25089.08
800,Asha Mathew,77,Female,Kidney Stone,Dr. Joseph,3/30/2026,4/4/2026,115,56473.37
801,Kiran Das,19,Male,Migraine,Dr. Joseph,3/6/2026,3/10/2026,167,73630.44
802,Reshma Nair,10,Female,Diabetes,Dr. Thomas,8/9/2026,8/10/2026,201,10316.76
803,Manoj Nair,33,Male,Diabetes,Dr. Rajesh,6/4/2026,6/5/2026,487,9496.51
804,Hari Pillai,27,Male,Pneumonia,Dr. Meera,4/5/2026,4/11/2026,115,9081.5
805,Priya Paul,46,Female,Asthma,Dr. Anitha,11/10/2026,11/14/2026,359,43842.06
806,Prakash Pillai,2,Male,Kidney Stone,Dr. Meera,4/9/2026,4/14/2026,188,67870.37
807,Sanjay Nair,28,Male,Kidney Stone,Dr. Suresh,9/1/2026,9/7/2026,458,45230.09
808,Kavya Nair,24,Female,Hypertension,Dr. Thomas,8/6/2026,8/10/2026,364,18997.68
809,Vinod Paul,16,Male,Arthritis,Dr. Rajesh,9/24/2026,9/27/2026,354,57764.84
810,Anjali Joseph,6,Female,Fever,Dr. Joseph,9/10/2026,9/12/2026,298,23061.83
811,Kavya Mathew,29,Female,Kidney Stone,Dr. Thomas,5/29/2026,6/5/2026,197,64616.1
812,Kavya Paul,23,Female,Diabetes,Dr. Suresh,9/9/2026,9/11/2026,303,34259.23
813,Rahul Das,51,Male,Typhoid,Dr. Suresh,10/30/2026,11/1/2026,480,69583.55
814,Rahul Paul,26,Male,Hypertension,Dr. Meera,11/1/2026,11/8/2026,163,19383.05
815,Reshma Mathew,36,Female,Pneumonia,Dr. Anitha,5/20/2026,5/27/2026,283,36997.41
816,Neha George,36,Female,Asthma,Dr. Thomas,2/25/2026,2/27/2026,229,37977.25
817,Akhil Das,4,Male,Fever,Dr. Suresh,1/28/2026,1/30/2026,356,51662.79
818,Suresh Pillai,42,Male,Asthma,Dr. Joseph,11/15/2026,11/25/2026,150,57612.43
819,Athira Mathew,26,Female,Heart Disease,Dr. Suresh,9/12/2026,9/20/2026,359,21470.73
820,Athira George,70,Female,Diabetes,Dr. Rajesh,8/9/2026,8/11/2026,297,35133.38
821,Neha Mathew,5,Female,Diabetes,Dr. Meera,10/13/2026,10/18/2026,462,14400.46
822,Asha Menon,50,Female,Arthritis,Dr. Rajesh,10/19/2026,10/27/2026,438,42649.33
823,Neha George,21,Female,Kidney Stone,Dr. Rajesh,7/20/2026,7/25/2026,354,45350.77
824,Priya Krishna,46,Female,Heart Disease,Dr. Joseph,2/1/2026,2/2/2026,403,5771.09
825,Meera Joseph,75,Female,Diabetes,Dr. Suresh,6/24/2026,7/1/2026,150,33540.74
826,Lakshmi Paul,8,Female,Migraine,Dr. Meera,5/1/2026,5/6/2026,404,8658.28
827,Prakash Menon,15,Male,Hypertension,Dr. Meera,1/11/2026,1/20/2026,267,5209.88
828,Priya George,54,Female,Heart Disease,Dr. Rajesh,12/23/2026,12/31/2026,402,4112.14
829,Lakshmi Pillai,50,Female,Hypertension,Dr. Anitha,2/20/2026,2/28/2026,152,52587.64
830,Arjun Mathew,65,Male,Hypertension,Dr. Meera,11/11/2026,11/16/2026,287,72783.51
831,Manoj Krishna,10,Male,Kidney Stone,Dr. Meera,5/28/2026,6/2/2026,125,24055.72
832,Athira Roy,80,Female,Fever,Dr. Suresh,10/24/2026,10/26/2026,404,26920.76
833,Deepak George,61,Male,Typhoid,Dr. Meera,6/27/2026,6/29/2026,434,62221.07
834,Lakshmi Krishna,70,Female,Hypertension,Dr. Meera,8/1/2026,8/8/2026,229,47809.88
835,Kavya George,24,Female,Diabetes,Dr. Suresh,12/27/2026,1/5/2027,196,44321.14
836,Akhil Joseph,60,Male,Heart Disease,Dr. Suresh,9/30/2026,10/10/2026,494,68245.6
837,Ramesh Roy,47,Male,Arthritis,Dr. Meera,5/4/2026,5/7/2026,483,52184.73
838,Nisha Babu,53,Female,Hypertension,Dr. Rajesh,11/21/2026,11/25/2026,312,21852.77
839,Kavya Das,33,Female,Pneumonia,Dr. Meera,7/27/2026,7/31/2026,159,13372.26
840,Kiran Menon,60,Male,Arthritis,Dr. Anitha,8/12/2026,8/19/2026,432,68160.03
841,Vijay Menon,18,Male,Diabetes,Dr. Joseph,5/23/2026,6/1/2026,191,49211.3
842,Sanjay Mathew,3,Male,Diabetes,Dr. Rajesh,6/10/2026,6/20/2026,253,65369.95
843,Devika Paul,85,Female,Fever,Dr. Thomas,3/13/2026,3/17/2026,158,43895.57
844,Ramesh Krishna,75,Male,Kidney Stone,Dr. Joseph,9/12/2026,9/14/2026,222,45987.05
845,Meera Pillai,50,Female,Migraine,Dr. Thomas,4/22/2026,4/25/2026,155,15198.68
846,Neha Babu,33,Female,Pneumonia,Dr. Rajesh,9/9/2026,9/18/2026,292,53222.29
847,Arjun George,55,Male,Arthritis,Dr. Suresh,5/7/2026,5/12/2026,175,28817.36
848,Nisha Menon,3,Female,Pneumonia,Dr. Rajesh,12/6/2026,12/7/2026,454,69015.65
849,Nithin George,50,Male,Heart Disease,Dr. Suresh,12/25/2026,12/31/2026,451,11348.9
850,Prakash Mathew,50,Male,Diabetes,Dr. Thomas,5/11/2026,5/16/2026,147,70383.37
851,Nithin Roy,21,Male,Arthritis,Dr. Suresh,6/12/2026,6/19/2026,118,22367.65
852,Prakash Mathew,61,Male,Typhoid,Dr. Joseph,8/5/2026,8/7/2026,183,53139.96
853,Arjun Babu,78,Male,Kidney Stone,Dr. Suresh,6/17/2026,6/25/2026,456,4482.94
854,Akhil Krishna,24,Male,Arthritis,Dr. Suresh,3/11/2026,3/12/2026,306,17005.46
855,Meera Pillai,11,Female,Fever,Dr. Meera,5/8/2026,5/17/2026,466,72800.68
856,Prakash Pillai,53,Male,Hypertension,Dr. Thomas,9/2/2026,9/5/2026,234,15077.23
857,Athira Menon,26,Female,Fever,Dr. Thomas,7/8/2026,7/11/2026,302,66038.28
858,Arun Kumar,72,Male,Pneumonia,Dr. Suresh,4/28/2026,4/30/2026,337,16874.3
859,Arun Babu,80,Male,Typhoid,Dr. Anitha,5/14/2026,5/17/2026,146,71957.38
860,Deepak Nair,2,Male,Kidney Stone,Dr. Thomas,8/21/2026,8/29/2026,161,18775.09
861,Kiran Menon,37,Male,Arthritis,Dr. Thomas,3/8/2026,3/15/2026,206,46006
862,Reshma Krishna,25,Female,Typhoid,Dr. Meera,7/29/2026,8/1/2026,115,23538.99
863,Riya Pillai,58,Female,Migraine,Dr. Joseph,10/26/2026,11/3/2026,144,3248.22
864,Prakash Paul,51,Male,Migraine,Dr. Suresh,7/16/2026,7/23/2026,477,45796.71
865,Rahul George,8,Male,Diabetes,Dr. Joseph,5/1/2026,5/9/2026,282,74763.61
866,Arun Menon,65,Male,Pneumonia,Dr. Thomas,6/4/2026,6/11/2026,444,29390.34
867,Deepak Das,34,Male,Asthma,Dr. Anitha,9/10/2026,9/16/2026,340,12064.17
868,Reshma George,56,Female,Asthma,Dr. Joseph,3/1/2026,3/7/2026,123,73442.45
869,Nisha Menon,47,Female,Typhoid,Dr. Joseph,5/15/2026,5/25/2026,490,69686.97
870,Lakshmi Das,41,Female,Arthritis,Dr. Meera,10/12/2026,10/20/2026,128,16196.7
871,Kiran Das,5,Male,Arthritis,Dr. Joseph,3/25/2026,4/2/2026,324,10911.74
872,Anu Mathew,46,Female,Kidney Stone,Dr. Thomas,8/23/2026,8/31/2026,158,63823.28
873,Rahul Paul,12,Male,Migraine,Dr. Joseph,4/3/2026,4/6/2026,484,39383.49
874,Priya Krishna,75,Female,Migraine,Dr. Anitha,1/3/2026,1/12/2026,493,43882.12
875,Devika Nair,32,Female,Arthritis,Dr. Suresh,2/18/2026,2/24/2026,114,23110.39
876,Suresh Paul,76,Male,Fever,Dr. Joseph,3/20/2026,3/21/2026,142,35866.91
877,Neha Krishna,35,Female,Pneumonia,Dr. Suresh,1/3/2026,1/9/2026,123,50072.52
878,Meera Joseph,73,Female,Asthma,Dr. Meera,1/25/2026,1/30/2026,266,60365.66
879,Ramesh Pillai,49,Male,Fever,Dr. Thomas,5/11/2026,5/14/2026,223,72466.07
880,Sneha Kumar,27,Female,Asthma,Dr. Thomas,7/26/2026,7/31/2026,432,57060.5
881,Rahul Menon,63,Male,Typhoid,Dr. Suresh,6/8/2026,6/18/2026,168,28530.71
882,Prakash Paul,66,Male,Migraine,Dr. Thomas,8/17/2026,8/24/2026,344,21964.76
883,Sneha Babu,48,Female,Pneumonia,Dr. Meera,8/11/2026,8/18/2026,148,5431.76
884,Neha Krishna,29,Female,Asthma,Dr. Thomas,9/27/2026,10/6/2026,143,23575.97
885,Sneha Mathew,39,Female,Asthma,Dr. Meera,12/17/2026,12/22/2026,228,40424.17
886,Priya Kumar,71,Female,Fever,Dr. Rajesh,9/20/2026,9/22/2026,362,33306.23
887,Manoj Krishna,73,Male,Heart Disease,Dr. Joseph,5/11/2026,5/21/2026,142,58226.89
888,Rahul Joseph,85,Male,Arthritis,Dr. Meera,4/4/2026,4/11/2026,124,8538.57
889,Meera Pillai,59,Female,Arthritis,Dr. Anitha,5/16/2026,5/22/2026,196,17802.46
890,Sanjay Pillai,34,Male,Fever,Dr. Thomas,10/1/2026,10/2/2026,103,31132.7
891,Vijay Krishna,62,Male,Arthritis,Dr. Suresh,7/27/2026,8/6/2026,472,37787.38
892,Reshma Krishna,51,Female,Heart Disease,Dr. Rajesh,3/6/2026,3/9/2026,108,16333.15
893,Sanjay Roy,4,Male,Migraine,Dr. Thomas,11/29/2026,12/2/2026,433,20029.07
894,Rahul Menon,60,Male,Asthma,Dr. Thomas,8/5/2026,8/6/2026,160,14542.65
895,Sanjay Joseph,57,Male,Arthritis,Dr. Thomas,1/11/2026,1/19/2026,400,20090.65
896,Priya Babu,7,Female,Hypertension,Dr. Rajesh,2/22/2026,3/1/2026,313,64024.68
897,Anu Mathew,52,Female,Arthritis,Dr. Anitha,10/30/2026,11/9/2026,448,68117.8
898,Riya Joseph,8,Female,Kidney Stone,Dr. Rajesh,8/5/2026,8/15/2026,262,42611.04
899,Devika Krishna,54,Female,Arthritis,Dr. Rajesh,9/11/2026,9/21/2026,431,27640.4
900,Anu Das,37,Female,Migraine,Dr. Thomas,6/26/2026,7/4/2026,219,39303.61
901,Devika Pillai,85,Female,Arthritis,Dr. Meera,5/31/2026,6/7/2026,314,62898.35
902,Athira Mathew,21,Female,Pneumonia,Dr. Meera,5/25/2026,5/27/2026,442,37509.51
903,Kiran Das,78,Male,Arthritis,Dr. Rajesh,8/1/2026,8/9/2026,256,19517.12
904,Arun Paul,34,Male,Hypertension,Dr. Suresh,3/23/2026,3/26/2026,358,4817.83
905,Arjun Babu,15,Male,Pneumonia,Dr. Meera,3/3/2026,3/12/2026,215,37761.48
906,Athira Paul,6,Female,Kidney Stone,Dr. Joseph,3/19/2026,3/28/2026,410,51037.73
907,Hari Mathew,59,Male,Fever,Dr. Rajesh,11/9/2026,11/19/2026,153,62211.74
908,Ramesh Nair,22,Male,Fever,Dr. Meera,7/5/2026,7/8/2026,473,23678.92
909,Athira George,64,Female,Fever,Dr. Meera,11/28/2026,12/4/2026,272,61889.16
910,Prakash Roy,57,Male,Typhoid,Dr. Rajesh,5/6/2026,5/14/2026,275,23289.98
911,Rahul Menon,48,Male,Typhoid,Dr. Joseph,11/19/2026,11/23/2026,178,57107.45
912,Athira Roy,18,Female,Typhoid,Dr. Thomas,7/29/2026,8/6/2026,365,60109.03
913,Anu Mathew,19,Female,Diabetes,Dr. Suresh,9/22/2026,9/24/2026,144,27027.01
914,Athira Das,56,Female,Diabetes,Dr. Thomas,1/19/2026,1/22/2026,395,6691.21
915,Lakshmi Babu,71,Female,Heart Disease,Dr. Suresh,6/10/2026,6/16/2026,105,62457.76
916,Sanjay Babu,58,Male,Migraine,Dr. Anitha,11/16/2026,11/26/2026,434,34555.43
917,Devika Krishna,52,Female,Migraine,Dr. Joseph,2/13/2026,2/14/2026,376,26750.74
918,Ramesh George,37,Male,Migraine,Dr. Rajesh,9/19/2026,9/28/2026,260,40296.85
919,Arun Kumar,70,Male,Pneumonia,Dr. Joseph,5/4/2026,5/9/2026,472,33149.08
920,Sanjay Kumar,48,Male,Heart Disease,Dr. Suresh,9/17/2026,9/23/2026,164,5960.63
921,Manoj Menon,74,Male,Diabetes,Dr. Thomas,6/23/2026,6/27/2026,482,74202.51
922,Arjun Menon,37,Male,Pneumonia,Dr. Suresh,3/13/2026,3/20/2026,367,55969.64
923,Arjun George,75,Male,Migraine,Dr. Joseph,8/21/2026,8/23/2026,176,54093.93
924,Sneha Nair,8,Female,Typhoid,Dr. Meera,9/1/2026,9/5/2026,329,8160.27
925,Priya George,67,Female,Typhoid,Dr. Joseph,10/27/2026,11/4/2026,426,33198.11
926,Reshma Mathew,54,Female,Asthma,Dr. Meera,9/16/2026,9/19/2026,349,54058.42
927,Sanjay George,68,Male,Fever,Dr. Suresh,4/19/2026,4/27/2026,343,4864.04
928,Ramesh Paul,16,Male,Pneumonia,Dr. Thomas,2/26/2026,2/28/2026,290,43952.94
929,Ramesh Das,16,Male,Hypertension,Dr. Joseph,7/11/2026,7/16/2026,251,37729.6
930,Vijay Pillai,54,Male,Diabetes,Dr. Joseph,5/26/2026,5/30/2026,194,61886.57
931,Anu Nair,71,Female,Hypertension,Dr. Rajesh,1/23/2026,1/30/2026,347,44046.78
932,Devika Paul,49,Female,Arthritis,Dr. Suresh,11/7/2026,11/10/2026,491,12542.87
933,Athira Mathew,58,Female,Asthma,Dr. Suresh,6/16/2026,6/18/2026,420,50676.42
934,Lakshmi Roy,51,Female,Hypertension,Dr. Anitha,1/24/2026,2/1/2026,477,22609.69
935,Prakash Das,4,Male,Pneumonia,Dr. Suresh,12/29/2026,1/3/2027,388,49274.08
936,Kiran Pillai,70,Male,Pneumonia,Dr. Rajesh,10/19/2026,10/28/2026,197,56915.5
937,Rahul Krishna,69,Male,Asthma,Dr. Rajesh,5/21/2026,5/25/2026,226,62652.56
938,Sneha George,78,Female,Hypertension,Dr. Thomas,10/29/2026,10/30/2026,352,64993.14
939,Arjun Babu,24,Male,Typhoid,Dr. Rajesh,9/28/2026,10/4/2026,296,21145.39
940,Rahul George,22,Male,Heart Disease,Dr. Meera,4/4/2026,4/9/2026,494,8998.07
941,Lakshmi Krishna,22,Female,Diabetes,Dr. Anitha,6/16/2026,6/19/2026,114,54214.3
942,Lakshmi Nair,41,Female,Asthma,Dr. Thomas,6/15/2026,6/20/2026,293,70764.37
943,Arun Roy,31,Male,Pneumonia,Dr. Anitha,5/2/2026,5/10/2026,361,57048.27
944,Sneha Menon,8,Female,Hypertension,Dr. Thomas,10/11/2026,10/18/2026,134,37602.43
945,Kavya Roy,3,Female,Heart Disease,Dr. Anitha,10/28/2026,10/30/2026,227,57815.93
946,Nithin Pillai,53,Male,Arthritis,Dr. Rajesh,11/22/2026,12/1/2026,205,59258.92
947,Arjun George,22,Male,Migraine,Dr. Anitha,8/5/2026,8/14/2026,332,5529.93
948,Nisha Pillai,38,Female,Asthma,Dr. Rajesh,1/31/2026,2/8/2026,240,45845.41
949,Meera Krishna,28,Female,Pneumonia,Dr. Anitha,5/25/2026,5/26/2026,183,56090.76
950,Nithin Nair,51,Male,Fever,Dr. Meera,10/12/2026,10/17/2026,322,17786.64
951,Devika Krishna,44,Female,Heart Disease,Dr. Suresh,8/20/2026,8/25/2026,226,50515.08
952,Meera Roy,59,Female,Pneumonia,Dr. Joseph,1/9/2026,1/12/2026,431,69363.69
953,Anu Kumar,23,Female,Typhoid,Dr. Anitha,12/23/2026,12/31/2026,491,30977.35
954,Vinod Krishna,84,Male,Fever,Dr. Anitha,1/16/2026,1/24/2026,445,11447.63
955,Nisha Pillai,46,Female,Typhoid,Dr. Meera,12/23/2026,12/24/2026,164,36045.21
956,Manoj Kumar,29,Male,Diabetes,Dr. Joseph,12/15/2026,12/21/2026,199,9022.57
957,Athira Joseph,29,Female,Migraine,Dr. Thomas,7/5/2026,7/6/2026,244,38230.75
958,Arun Roy,82,Male,Typhoid,Dr. Rajesh,5/23/2026,6/2/2026,357,38315.82
959,Akhil Joseph,73,Male,Pneumonia,Dr. Anitha,3/31/2026,4/2/2026,402,11797.86
960,Vijay Menon,73,Male,Migraine,Dr. Anitha,5/21/2026,5/25/2026,448,4176.02
961,Kavya George,59,Female,Diabetes,Dr. Thomas,11/25/2026,11/26/2026,266,33859.74
962,Diya Nair,67,Female,Arthritis,Dr. Thomas,7/5/2026,7/14/2026,489,5651.19
963,Arun Menon,54,Male,Kidney Stone,Dr. Thomas,6/11/2026,6/12/2026,301,16609.09
964,Hari Pillai,4,Male,Migraine,Dr. Suresh,8/5/2026,8/7/2026,228,16773.57
965,Diya Nair,81,Female,Fever,Dr. Rajesh,9/3/2026,9/10/2026,113,45458.48
966,Nisha Menon,32,Female,Fever,Dr. Thomas,5/3/2026,5/9/2026,128,62068.45
967,Rahul Pillai,80,Male,Arthritis,Dr. Rajesh,11/17/2026,11/25/2026,397,11549.91
968,Hari Kumar,49,Male,Hypertension,Dr. Suresh,2/3/2026,2/6/2026,132,69135.89
969,Anu Menon,79,Female,Typhoid,Dr. Rajesh,2/22/2026,2/23/2026,387,6284.73
970,Lakshmi Nair,80,Female,Typhoid,Dr. Meera,11/3/2026,11/13/2026,106,35372.32
971,Athira Babu,80,Female,Pneumonia,Dr. Rajesh,6/23/2026,6/24/2026,333,39997.93
972,Rahul Nair,2,Male,Pneumonia,Dr. Suresh,2/4/2026,2/14/2026,200,68066.82
973,Akhil George,33,Male,Hypertension,Dr. Thomas,9/4/2026,9/14/2026,328,15979.45
974,Vinod Kumar,8,Male,Asthma,Dr. Joseph,10/27/2026,11/3/2026,363,72081.25
975,Diya Pillai,70,Female,Asthma,Dr. Meera,8/29/2026,9/3/2026,409,27360.27
976,Anu George,76,Female,Asthma,Dr. Rajesh,5/2/2026,5/11/2026,387,64755.91
977,Meera Roy,26,Female,Migraine,Dr. Rajesh,6/24/2026,6/28/2026,442,36990.07
978,Priya Joseph,43,Female,Pneumonia,Dr. Anitha,6/21/2026,7/1/2026,254,32855.41
979,Rahul Mathew,6,Male,Arthritis,Dr. Meera,1/2/2026,1/6/2026,455,19194.87
980,Kiran Mathew,43,Male,Typhoid,Dr. Meera,7/24/2026,7/27/2026,104,28804.24
981,Arjun Kumar,72,Male,Fever,Dr. Meera,5/29/2026,6/6/2026,200,48271.76
982,Anu Kumar,26,Female,Migraine,Dr. Joseph,3/31/2026,4/4/2026,235,54615.66
983,Nisha George,32,Female,Asthma,Dr. Meera,1/12/2026,1/15/2026,235,68522.05
984,Prakash Krishna,18,Male,Typhoid,Dr. Suresh,2/26/2026,3/4/2026,208,24617.75
985,Arjun Paul,85,Male,Asthma,Dr. Anitha,11/16/2026,11/23/2026,465,7239.87
986,Hari Das,25,Male,Migraine,Dr. Anitha,7/13/2026,7/19/2026,263,45967.31
987,Hari Kumar,79,Male,Pneumonia,Dr. Meera,10/2/2026,10/7/2026,177,26256.84
988,Akhil Menon,17,Male,Kidney Stone,Dr. Anitha,9/8/2026,9/12/2026,473,8402.06
989,Athira Krishna,79,Female,Fever,Dr. Meera,9/18/2026,9/25/2026,485,66475.6
990,Neha George,60,Female,Asthma,Dr. Joseph,12/31/2026,1/6/2027,370,52851.95
991,Neha Menon,75,Female,Typhoid,Dr. Suresh,10/26/2026,10/27/2026,207,18415.66
992,Manoj Roy,51,Male,Migraine,Dr. Joseph,8/6/2026,8/13/2026,393,13897.68
993,Diya George,11,Female,Asthma,Dr. Rajesh,6/1/2026,6/9/2026,366,27989.18
994,Manoj George,80,Male,Hypertension,Dr. Thomas,8/19/2026,8/27/2026,322,32149.08
995,Meera Menon,49,Female,Diabetes,Dr. Meera,8/15/2026,8/19/2026,236,49288.23
996,Devika Nair,38,Female,Kidney Stone,Dr. Anitha,10/7/2026,10/9/2026,242,69678.93
997,Rahul Nair,47,Male,Diabetes,Dr. Anitha,4/13/2026,4/19/2026,201,51445.28
998,Diya Joseph,36,Female,Migraine,Dr. Suresh,11/6/2026,11/9/2026,486,54423.44
999,Anu Menon,37,Female,Hypertension,Dr. Thomas,7/27/2026,8/6/2026,488,50009.87
1000,Kavya George,20,Female,Typhoid,Dr. Meera,4/27/2026,5/1/2026,343,19444.93
